generation1_case_id,generation2_case_id,scenario_family,reasoning_target,important_medication_decisions_g1,important_medication_decisions_g2,approximate_difficulty_g1,target_difficulty_g2,monitoring_complexity_g1,monitoring_complexity_g2,matching_notes
VAL-801,G2-001,MED_HISTORY_UNCERTAINTY,"Interpret an acute change and decide which outpatient medicines continue, stop, or restart","stop, stop",stop,moderate,low,routine,routine,Independent hospitalization matched on reasoning family and decision complexity. Patient-specific facts and the reference plan were generated for this episode. Round 1 sufficiency rules are generator gates for this pair.
VAL-802,G2-002,MED_HISTORY_UNCERTAINTY,"Interpret an acute change and decide which outpatient medicines continue, stop, or restart",stop,stop,low,low,limited,routine,"Independent hospitalization matched on reasoning family and decision complexity. Patient-specific facts and the reference plan were generated for this episode. Reviewer 1 comments informed only the Generation 1 revision, not this episode."
VAL-803,G2-003,MED_HISTORY_UNCERTAINTY,"Interpret an acute change and decide which outpatient medicines continue, stop, or restart","stop, stop",stop,low,low,limited,routine,"Independent hospitalization matched on reasoning family and decision complexity. Patient-specific facts and the reference plan were generated for this episode. Reviewer 1 comments informed only the Generation 1 revision, not this episode."
VAL-804,G2-004,MED_HISTORY_UNCERTAINTY,"Interpret an acute change and decide which outpatient medicines continue, stop, or restart",continue,stop,low,low,limited,routine,Independent hospitalization matched on reasoning family and decision complexity. Patient-specific facts and the reference plan were generated for this episode. No case-specific clinician input was applied to this episode.
VAL-805,G2-005,HF_DECOMPENSATION,"Discharge heart-failure therapy after decompensation, diuresis, and renal review",stop,new_start,low,low,limited,routine,Independent hospitalization matched on reasoning family and decision complexity. Patient-specific facts and the reference plan were generated for this episode. Round 1 sufficiency rules are generator gates for this pair.
VAL-806,G2-006,HF_DECOMPENSATION,"Discharge heart-failure therapy after decompensation, diuresis, and renal review","stop, hold","restart, new_start",low,moderate,limited,routine,Independent hospitalization matched on reasoning family and decision complexity. Patient-specific facts and the reference plan were generated for this episode. No case-specific clinician input was applied to this episode.
VAL-807,G2-007,HF_DECOMPENSATION,"Discharge heart-failure therapy after decompensation, diuresis, and renal review","stop, stop","new_start, new_start",moderate,moderate,routine,routine,Independent hospitalization matched on reasoning family and decision complexity. Patient-specific facts and the reference plan were generated for this episode. No case-specific clinician input was applied to this episode.
VAL-808,G2-008,HF_DECOMPENSATION,"Discharge heart-failure therapy after decompensation, diuresis, and renal review",stop,new_start,low,low,limited,routine,Independent hospitalization matched on reasoning family and decision complexity. Patient-specific facts and the reference plan were generated for this episode. No case-specific clinician input was applied to this episode.
VAL-809,G2-009,ENDOCARDITIS_OPAT,Choose outpatient parenteral antibiotic therapy after endocarditis is established in hospital,new_start,continue,moderate,low,intensive,routine,Independent hospitalization matched on reasoning family and decision complexity. Patient-specific facts and the reference plan were generated for this episode. Round 1 sufficiency rules are generator gates for this pair.
VAL-810,G2-010,ENDOCARDITIS_OPAT,Choose outpatient parenteral antibiotic therapy after endocarditis is established in hospital,new_start,continue,moderate,low,intensive,routine,Independent hospitalization matched on reasoning family and decision complexity. Patient-specific facts and the reference plan were generated for this episode. No case-specific clinician input was applied to this episode.
VAL-811,G2-011,ENDOCARDITIS_OPAT,Choose outpatient parenteral antibiotic therapy after endocarditis is established in hospital,new_start,continue,moderate,low,intensive,routine,Independent hospitalization matched on reasoning family and decision complexity. Patient-specific facts and the reference plan were generated for this episode. No case-specific clinician input was applied to this episode.
VAL-812,G2-012,ENDOCARDITIS_OPAT,Choose outpatient parenteral antibiotic therapy after endocarditis is established in hospital,new_start,continue,moderate,low,intensive,routine,Independent hospitalization matched on reasoning family and decision complexity. Patient-specific facts and the reference plan were generated for this episode. No case-specific clinician input was applied to this episode.
VAL-813,G2-013,TRANSPLANT_CMV,Start or adjust cytomegalovirus therapy and immunosuppression after a diagnostic work-up,"new_start, hold, stop",new_start,moderate,moderate,intensive,intensive,Independent hospitalization matched on reasoning family and decision complexity. Patient-specific facts and the reference plan were generated for this episode. Round 1 sufficiency rules are generator gates for this pair.
VAL-814,G2-014,TRANSPLANT_CMV,Start or adjust cytomegalovirus therapy and immunosuppression after a diagnostic work-up,"restart, new_start",new_start,moderate,moderate,intensive,intensive,Independent hospitalization matched on reasoning family and decision complexity. Patient-specific facts and the reference plan were generated for this episode. No case-specific clinician input was applied to this episode.
VAL-815,G2-015,TRANSPLANT_CMV,Start or adjust cytomegalovirus therapy and immunosuppression after a diagnostic work-up,new_start,dose_change,moderate,moderate,intensive,intensive,Independent hospitalization matched on reasoning family and decision complexity. Patient-specific facts and the reference plan were generated for this episode. No case-specific clinician input was applied to this episode.
VAL-816,G2-016,TRANSPLANT_CMV,Start or adjust cytomegalovirus therapy and immunosuppression after a diagnostic work-up,new_start,new_start,moderate,moderate,intensive,intensive,Independent hospitalization matched on reasoning family and decision complexity. Patient-specific facts and the reference plan were generated for this episode. No case-specific clinician input was applied to this episode.
VAL-817,G2-017,HIP_FRACTURE_ANTICOAGULATION,Time anticoagulation around hip-fracture repair and decide the postoperative restart,stop,"restart, stop",moderate,moderate,intensive,intensive,Independent hospitalization matched on reasoning family and decision complexity. Patient-specific facts and the reference plan were generated for this episode. No case-specific clinician input was applied to this episode.
VAL-818,G2-018,HIP_FRACTURE_ANTICOAGULATION,Time anticoagulation around hip-fracture repair and decide the postoperative restart,continue,"restart, stop",low,moderate,intensive,intensive,Independent hospitalization matched on reasoning family and decision complexity. Patient-specific facts and the reference plan were generated for this episode. No case-specific clinician input was applied to this episode.
VAL-819,G2-019,HIP_FRACTURE_ANTICOAGULATION,Time anticoagulation around hip-fracture repair and decide the postoperative restart,continue,"restart, stop",low,moderate,intensive,intensive,Independent hospitalization matched on reasoning family and decision complexity. Patient-specific facts and the reference plan were generated for this episode. No case-specific clinician input was applied to this episode.
VAL-820,G2-020,HIP_FRACTURE_ANTICOAGULATION,Time anticoagulation around hip-fracture repair and decide the postoperative restart,stop,"restart, stop",moderate,moderate,intensive,intensive,Independent hospitalization matched on reasoning family and decision complexity. Patient-specific facts and the reference plan were generated for this episode. No case-specific clinician input was applied to this episode.
VAL-821,G2-021,GI_BLEED_ANTICOAGULATION,"Hold antithrombotic therapy for bleeding and decide restart, stop, or acid suppression",hold,"restart, new_start",low,moderate,limited,routine,Independent hospitalization matched on reasoning family and decision complexity. Patient-specific facts and the reference plan were generated for this episode. No case-specific clinician input was applied to this episode.
VAL-822,G2-022,GI_BLEED_ANTICOAGULATION,"Hold antithrombotic therapy for bleeding and decide restart, stop, or acid suppression",new_start,"restart, new_start",low,moderate,limited,routine,Independent hospitalization matched on reasoning family and decision complexity. Patient-specific facts and the reference plan were generated for this episode. No case-specific clinician input was applied to this episode.
VAL-823,G2-023,GI_BLEED_ANTICOAGULATION,"Hold antithrombotic therapy for bleeding and decide restart, stop, or acid suppression",hold,hold,low,low,limited,routine,Independent hospitalization matched on reasoning family and decision complexity. Patient-specific facts and the reference plan were generated for this episode. No case-specific clinician input was applied to this episode.
VAL-824,G2-024,GI_BLEED_ANTICOAGULATION,"Hold antithrombotic therapy for bleeding and decide restart, stop, or acid suppression",hold,hold,low,low,limited,routine,Independent hospitalization matched on reasoning family and decision complexity. Patient-specific facts and the reference plan were generated for this episode. No case-specific clinician input was applied to this episode.
