case_id,framework_domain,problem_present,evidence,revision_required,revision,provenance
VAL-802,reviewer_1_case_comment,yes,"Reviewer 1 said the delirium label was not coherent, the cause was missing, little happened in the hospital, baseline creatinine was missing, and the statin seemed not to be continued. The clean chart had no seven-day statin stop. The revision makes continuation explicit rather than adding a stop.",yes,Applied beside the framework. See the case narrative.,Reviewer 1 case-specific comment. Not a new framework domain.
VAL-802,presentation_diagnosis_coherence,yes,"Arrival label was delirium due to a known physiological condition, with no baseline.",yes,Added a caregiver-reported baseline and named the admission as a change from it.,"Framework-guided investigator revision, plus Reviewer 1 case-specific comments recorded separately."
VAL-802,causal_context,yes,The course said confusion improved and named no precipitant.,yes,"Added a urinary infection with fever, pyuria, and Escherichia coli.","Framework-guided investigator revision, plus Reviewer 1 case-specific comments recorded separately."
VAL-802,diagnostic_workup,yes,No urinalysis or culture was on the chart.,yes,Added both.,"Framework-guided investigator revision, plus Reviewer 1 case-specific comments recorded separately."
VAL-802,treatment_trajectory,yes,No acute treatment was recorded.,yes,Added a five-day nitrofurantoin course that finishes before discharge.,"Framework-guided investigator revision, plus Reviewer 1 case-specific comments recorded separately."
VAL-802,laboratory_vital_trend,yes,Creatinine moved from 1.3 to 1.2 mg/dL with no baseline.,yes,Added an outpatient creatinine of 1.1 mg/dL so the change is small.,"Framework-guided investigator revision, plus Reviewer 1 case-specific comments recorded separately."
VAL-802,hospital_course_completeness,yes,Reviewer 1 noted that nothing appeared to happen during the stay.,yes,"The course now records the culture, the completed antibiotic, and the return to baseline.","Framework-guided investigator revision, plus Reviewer 1 case-specific comments recorded separately."
VAL-802,medication_decision_support,yes,The statin was discussed without a visible continue-or-stop decision.,yes,"The pharmacy list confirms atorvastatin and lisinopril, and neither is stopped.","Framework-guided investigator revision, plus Reviewer 1 case-specific comments recorded separately."
VAL-802,discharge_stability_chronology,yes,Recovery was asserted without a baseline to recover to.,yes,"Discharge is afebrile and back to the stated baseline, after the antibiotic has finished.","Framework-guided investigator revision, plus Reviewer 1 case-specific comments recorded separately."
VAL-802,internal_consistency,no,Home and inpatient rows already listed both chronic medicines as active. The new sentences match those rows.,no,none,"Framework-guided investigator revision, plus Reviewer 1 case-specific comments recorded separately."
VAL-802,unsupported_hidden_reference_action,yes,A continue action for the statin was not readable as a decision.,yes,"The reference still continues both chronic medicines, now because the chart says they were verified and not stopped. Nitrofurantoin is stopped because the course is complete.","Framework-guided investigator revision, plus Reviewer 1 case-specific comments recorded separately."
VAL-803,reviewer_1_case_comment,yes,"Reviewer 1 said the delirium label and cause were unclear, the list posed no discharge change, and asked why lisinopril would be limited to seven days. The clean chart has no seven-day lisinopril supply. That limit was not added. The creatinine rise was used as the real decision.",yes,Applied beside the framework. See the case narrative.,Reviewer 1 case-specific comment. Not a new framework domain.
VAL-803,presentation_diagnosis_coherence,yes,The admission label was delirium due to a known physiological condition.,yes,Named a baseline and an acute change.,"Framework-guided investigator revision, plus Reviewer 1 case-specific comments recorded separately."
VAL-803,causal_context,yes,No cause was stated.,yes,Added a urinary infection.,"Framework-guided investigator revision, plus Reviewer 1 case-specific comments recorded separately."
VAL-803,diagnostic_workup,yes,No culture was recorded.,yes,Added a urine culture.,"Framework-guided investigator revision, plus Reviewer 1 case-specific comments recorded separately."
VAL-803,treatment_trajectory,yes,No acute treatment was recorded.,yes,Added a completed seven-day ceftriaxone course.,"Framework-guided investigator revision, plus Reviewer 1 case-specific comments recorded separately."
VAL-803,laboratory_vital_trend,yes,Creatinine rose from 1.0 to 1.2 mg/dL and was not tied to a medicine.,yes,The rise is now the reason hydrochlorothiazide stops. A separate outpatient baseline of 1.0 mg/dL matches the admission value already stored.,"Framework-guided investigator revision, plus Reviewer 1 case-specific comments recorded separately."
VAL-803,hospital_course_completeness,yes,The course said he returned to baseline without saying from what.,yes,The course now includes the infection and the diuretic stop.,"Framework-guided investigator revision, plus Reviewer 1 case-specific comments recorded separately."
VAL-803,medication_decision_support,yes,Reviewer 1 said the medication list required no decision.,yes,"Stopping hydrochlorothiazide is the decision. Lisinopril is not given a seven-day limit, because that limit is not on the clean chart.","Framework-guided investigator revision, plus Reviewer 1 case-specific comments recorded separately."
VAL-803,discharge_stability_chronology,yes,Baseline cognition was missing.,yes,Discharge is afebrile and back to the stated baseline.,"Framework-guided investigator revision, plus Reviewer 1 case-specific comments recorded separately."
VAL-803,internal_consistency,no,Potassium and blood pressure were already stable and still support continuing lisinopril.,no,none,"Framework-guided investigator revision, plus Reviewer 1 case-specific comments recorded separately."
VAL-803,unsupported_hidden_reference_action,yes,The clean reference continued hydrochlorothiazide despite the creatinine rise Reviewer 1 flagged.,yes,"The reference now stops hydrochlorothiazide and continues lisinopril, metformin, and atorvastatin.","Framework-guided investigator revision, plus Reviewer 1 case-specific comments recorded separately."
VAL-804,presentation_diagnosis_coherence,yes,The chart used the non-specific delirium label and no baseline.,yes,Added the baseline and called the admission a change from it.,Framework-guided investigator revision; no case-specific clinician feedback.
VAL-804,causal_context,yes,A pending cognitive-therapy sentence was not a cause of the confusion.,yes,"Hyponatremia from poor intake is the precipitant, and it corrected.",Framework-guided investigator revision; no case-specific clinician feedback.
VAL-804,diagnostic_workup,yes,No study explained the confusion.,yes,Added sodium values and a negative urinalysis.,Framework-guided investigator revision; no case-specific clinician feedback.
VAL-804,treatment_trajectory,yes,No corrective treatment was shown.,yes,"Intravenous fluid is the treatment, and the sodium rose.",Framework-guided investigator revision; no case-specific clinician feedback.
VAL-804,laboratory_vital_trend,yes,Glucose was the only laboratory pair.,yes,Added the sodium pair that carries the decision.,Framework-guided investigator revision; no case-specific clinician feedback.
VAL-804,hospital_course_completeness,yes,The course said a start was deferred and did not say what happened to the confusion.,yes,The course now ends at baseline after the sodium correction.,Framework-guided investigator revision; no case-specific clinician feedback.
VAL-804,medication_decision_support,yes,The deferred cognitive enhancer was not separated from the medicines that should continue.,yes,"Neurology says not to start an enhancer now, and to continue metformin and atorvastatin.",Framework-guided investigator revision; no case-specific clinician feedback.
VAL-804,discharge_stability_chronology,yes,Discharge readiness was not tied to a corrected value.,yes,Sodium is 136 mmol/L and confusion has cleared.,Framework-guided investigator revision; no case-specific clinician feedback.
VAL-804,internal_consistency,no,The two home medicines were already active in both contexts.,no,none,Framework-guided investigator revision; no case-specific clinician feedback.
VAL-804,unsupported_hidden_reference_action,no,Continuing atorvastatin and metformin was already supported by active inpatient rows and is restated. No enhancer is added to the reference.,no,none,Framework-guided investigator revision; no case-specific clinician feedback.
VAL-806,presentation_diagnosis_coherence,no,"Acute systolic heart failure matches the dyspnea, edema, and chest radiograph already on the chart.",no,none,Framework-guided investigator revision; no case-specific clinician feedback.
VAL-806,causal_context,yes,The chart said creatinine rose with congestion and did not say why the congestion started.,yes,Three missed days of furosemide are the precipitant. Ischemia was looked for and not found.,Framework-guided investigator revision; no case-specific clinician feedback.
VAL-806,diagnostic_workup,yes,"No electrocardiogram, troponin, or ejection fraction was recorded.",yes,"Added a flat troponin pair, a non-ischemic electrocardiogram, and an ejection fraction of 30 percent.",Framework-guided investigator revision; no case-specific clinician feedback.
VAL-806,treatment_trajectory,yes,Inpatient furosemide was the same oral dose as the home medicine.,yes,Intravenous furosemide was given until dry weight and then stopped.,Framework-guided investigator revision; no case-specific clinician feedback.
VAL-806,laboratory_vital_trend,yes,"Lisinopril was to be restarted after renal recovery, but discharge creatinine was 1.6 mg/dL with no baseline.",yes,"Baseline is 1.4 mg/dL. Discharge creatinine is still above it, so the hold continues.",Framework-guided investigator revision; no case-specific clinician feedback.
VAL-806,hospital_course_completeness,yes,"Only one intake-and-output day was listed, and hypoxia had no oxygen device.",yes,The weight pair already showed the diuresis. Oxygen support is now recorded. The single net-negative day is kept.,Framework-guided investigator revision; no case-specific clinician feedback.
VAL-806,medication_decision_support,yes,Restarting lisinopril was not supported by the discharge creatinine.,yes,Cardiology says not to restart it today and to resume oral furosemide.,Framework-guided investigator revision; no case-specific clinician feedback.
VAL-806,discharge_stability_chronology,no,"Discharge weight 73 kg is at the recorded dry weight of 74 kg, and oxygen saturation is 96 percent on room air.",no,none,Framework-guided investigator revision; no case-specific clinician feedback.
VAL-806,internal_consistency,yes,The narrative promised a restart after recovery while the discharge creatinine was still high.,yes,The narrative and the reference now both keep lisinopril held.,Framework-guided investigator revision; no case-specific clinician feedback.
VAL-806,unsupported_hidden_reference_action,yes,The clean reference restarted lisinopril.,yes,The reference now holds lisinopril and continues the other three home medicines.,Framework-guided investigator revision; no case-specific clinician feedback.
VAL-807,presentation_diagnosis_coherence,no,"Dyspnea, orthopnea, and pulmonary edema already matched acute systolic heart failure.",no,none,Framework-guided investigator revision; no case-specific clinician feedback.
VAL-807,causal_context,yes,Hypokalemia during diuresis was described without a reason for the decompensation.,yes,Two missed furosemide doses are the precipitant.,Framework-guided investigator revision; no case-specific clinician feedback.
VAL-807,diagnostic_workup,yes,No ischemic evaluation or ejection fraction was on the chart.,yes,"Added a flat troponin, an electrocardiogram, and an ejection fraction of 30 percent.",Framework-guided investigator revision; no case-specific clinician feedback.
VAL-807,treatment_trajectory,yes,"Inpatient furosemide copied the home oral dose, and potassium replacement had no dose.",yes,Intravenous diuresis was used until dry weight. One 40 mEq potassium dose is recorded and stopped.,Framework-guided investigator revision; no case-specific clinician feedback.
VAL-807,laboratory_vital_trend,yes,"The note said hypokalemia while the stored potassium was 3.5 then 3.8 mmol/L, and discharge weight was below dry weight.",yes,Added a hospital-day-2 potassium of 3.2 mmol/L and set the discharge weight equal to the 95 kg dry weight.,Framework-guided investigator revision; no case-specific clinician feedback.
VAL-807,hospital_course_completeness,yes,One intake-and-output row did not show the potassium event.,yes,The potassium value and the single replacement are the course the discharge decision uses.,Framework-guided investigator revision; no case-specific clinician feedback.
VAL-807,medication_decision_support,yes,The intended outpatient diuretic was mentioned and not specified.,yes,Cardiology says to resume 40 mg orally once daily and not to continue potassium.,Framework-guided investigator revision; no case-specific clinician feedback.
VAL-807,discharge_stability_chronology,yes,Discharge weight was 93 kg against a dry weight of 95 kg.,yes,"Discharge weight is now the dry weight, on room air, with potassium 3.8 mmol/L.",Framework-guided investigator revision; no case-specific clinician feedback.
VAL-807,internal_consistency,yes,The repletion sentence and the potassium values did not match.,yes,"The low value, the dose, and the discharge value now agree.",Framework-guided investigator revision; no case-specific clinician feedback.
VAL-807,unsupported_hidden_reference_action,no,Continuing oral furosemide 40 mg daily is the action the missed-dose precipitant supports. No standing potassium is added.,no,none,Framework-guided investigator revision; no case-specific clinician feedback.
VAL-808,presentation_diagnosis_coherence,no,"Edema, orthopnea, and residual congestion match acute systolic heart failure.",no,none,Framework-guided investigator revision; no case-specific clinician feedback.
VAL-808,causal_context,yes,The chart said the diuretic was adjusted and did not say why the patient was congested on the home dose.,yes,"The home dose itself failed: fluid gained despite 40 mg daily, and dry weight was not reached.",Framework-guided investigator revision; no case-specific clinician feedback.
VAL-808,diagnostic_workup,yes,No ejection fraction or ischemic check was recorded.,yes,Added both. The troponin does not rise.,Framework-guided investigator revision; no case-specific clinician feedback.
VAL-808,treatment_trajectory,yes,Inpatient furosemide was still 40 mg orally once daily while the note said the dose was adjusted.,yes,"Intravenous twice-daily furosemide is the acute treatment, and the discharge dose is 40 mg orally twice daily.",Framework-guided investigator revision; no case-specific clinician feedback.
VAL-808,laboratory_vital_trend,no,"Creatinine stays 0.9 mg/dL and potassium moves from 3.4 to 3.7 mmol/L, which still allows spironolactone and lisinopril.",no,none,Framework-guided investigator revision; no case-specific clinician feedback.
VAL-808,hospital_course_completeness,yes,One net-negative day and a discharge weight 6 kg above dry weight were the whole diuretic story.,yes,"The course now ends at 90 kg with residual congestion, which is why the dose changes.",Framework-guided investigator revision; no case-specific clinician feedback.
VAL-808,medication_decision_support,yes,No adjusted dose was written.,yes,Cardiology names 40 mg orally twice daily. Eighty milligrams once daily is recorded only as an alternative.,Framework-guided investigator revision; no case-specific clinician feedback.
VAL-808,discharge_stability_chronology,yes,Discharge was called ready at a weight far above dry weight without a plan for that gap.,yes,"The gap is now the reason for the higher oral dose, and the radiograph's residual congestion is acknowledged.",Framework-guided investigator revision; no case-specific clinician feedback.
VAL-808,internal_consistency,yes,The adjustment sentence and the unchanged 40 mg rows disagreed.,yes,The intravenous course and the recommended oral dose now agree with that sentence.,Framework-guided investigator revision; no case-specific clinician feedback.
VAL-808,unsupported_hidden_reference_action,yes,The clean reference continued 40 mg once daily.,yes,The reference changes furosemide to 40 mg twice daily and continues the other heart-failure medicines.,Framework-guided investigator revision; no case-specific clinician feedback.
VAL-810,presentation_diagnosis_coherence,yes,"The chart admitted the patient as endocarditis, often without fever.",yes,The arrival problem is fever. Endocarditis is stated after cultures and echocardiography.,Framework-guided investigator revision; no case-specific clinician feedback.
VAL-810,causal_context,yes,No source or predisposition was given.,yes,Caries and periodontal disease are the predisposition. There is no prosthetic valve.,Framework-guided investigator revision; no case-specific clinician feedback.
VAL-810,diagnostic_workup,yes,"The organism was only gram-positive cocci, and surgery was not addressed.",yes,"Named the organism, showed clearance, described the vegetation, and recorded no surgical indication.",Framework-guided investigator revision; no case-specific clinician feedback.
VAL-810,treatment_trajectory,yes,Ceftriaxone had no usable duration.,yes,Four weeks from the first negative culture is now stated.,Framework-guided investigator revision; no case-specific clinician feedback.
VAL-810,laboratory_vital_trend,no,"Creatinine fell from 1.3 to 0.9 mg/dL and glucose from 176 to 112 mg/dL, which still allows metformin.",no,none,Framework-guided investigator revision; no case-specific clinician feedback.
VAL-810,hospital_course_completeness,yes,The course said cultures cleared without showing when.,yes,"Clearance is placed on hospital day 3, after antibiotics were started.",Framework-guided investigator revision; no case-specific clinician feedback.
VAL-810,medication_decision_support,yes,Infectious diseases said only to complete a planned course.,yes,The consult now states whether the stop date is fixed or still pending.,Framework-guided investigator revision; no case-specific clinician feedback.
VAL-810,discharge_stability_chronology,yes,The diagnosis preceded the cultures and the echocardiogram.,yes,"Cultures are drawn first, then antibiotics, then the echocardiogram and the surgical opinion.",Framework-guided investigator revision; no case-specific clinician feedback.
VAL-810,internal_consistency,no,Home medicines that remain appropriate stay on their existing rows.,no,none,Framework-guided investigator revision; no case-specific clinician feedback.
VAL-810,unsupported_hidden_reference_action,yes,Continue-ceftriaxone was not tied to a duration the chart could defend.,yes,The reference continues ceftriaxone only for the duration the consult now states.,Framework-guided investigator revision; no case-specific clinician feedback.
VAL-811,presentation_diagnosis_coherence,yes,Admission temperature was 36.8 C on an endocarditis label.,yes,Fever of 38.6 C is now the presenting sign.,Framework-guided investigator revision; no case-specific clinician feedback.
VAL-811,causal_context,yes,No source or predisposition was given.,yes,Caries and periodontal disease are the predisposition. There is no prosthetic valve.,Framework-guided investigator revision; no case-specific clinician feedback.
VAL-811,diagnostic_workup,yes,"The organism was only gram-positive cocci, and surgery was not addressed.",yes,"Named the organism, showed clearance, described the vegetation, and recorded no surgical indication.",Framework-guided investigator revision; no case-specific clinician feedback.
VAL-811,treatment_trajectory,yes,Ceftriaxone had no usable duration.,yes,A four-week duration replaces the unspecified remaining course.,Framework-guided investigator revision; no case-specific clinician feedback.
VAL-811,laboratory_vital_trend,no,"Creatinine stays under 1 mg/dL, so continuing lisinopril does not repeat the VAL-809 defect.",no,none,Framework-guided investigator revision; no case-specific clinician feedback.
VAL-811,hospital_course_completeness,yes,The course said cultures cleared without showing when.,yes,"Clearance is placed on hospital day 3, after antibiotics were started.",Framework-guided investigator revision; no case-specific clinician feedback.
VAL-811,medication_decision_support,yes,Infectious diseases said only to complete a planned course.,yes,The consult now states whether the stop date is fixed or still pending.,Framework-guided investigator revision; no case-specific clinician feedback.
VAL-811,discharge_stability_chronology,yes,The diagnosis preceded the cultures and the echocardiogram.,yes,"Cultures are drawn first, then antibiotics, then the echocardiogram and the surgical opinion.",Framework-guided investigator revision; no case-specific clinician feedback.
VAL-811,internal_consistency,no,Home medicines that remain appropriate stay on their existing rows.,no,none,Framework-guided investigator revision; no case-specific clinician feedback.
VAL-811,unsupported_hidden_reference_action,yes,Continue-ceftriaxone was not tied to a duration the chart could defend.,yes,The reference continues ceftriaxone only for the duration the consult now states.,Framework-guided investigator revision; no case-specific clinician feedback.
VAL-812,presentation_diagnosis_coherence,yes,"The chart admitted the patient as endocarditis, often without fever.",yes,The arrival problem is fever. Endocarditis is stated after cultures and echocardiography.,Framework-guided investigator revision; no case-specific clinician feedback.
VAL-812,causal_context,yes,No source or predisposition was given.,yes,Caries and periodontal disease are the predisposition. There is no prosthetic valve.,Framework-guided investigator revision; no case-specific clinician feedback.
VAL-812,diagnostic_workup,yes,"The organism was only gram-positive cocci, and surgery was not addressed.",yes,"Named the organism, showed clearance, described the vegetation, and recorded no surgical indication.",Framework-guided investigator revision; no case-specific clinician feedback.
VAL-812,treatment_trajectory,yes,Ceftriaxone had no usable duration.,yes,"The drug continues, and the stop date stays pending because that is the decision this chart poses.",Framework-guided investigator revision; no case-specific clinician feedback.
VAL-812,laboratory_vital_trend,no,Creatinine or glucose values already present were kept unless a drug decision required a baseline.,no,none,Framework-guided investigator revision; no case-specific clinician feedback.
VAL-812,hospital_course_completeness,yes,The course said cultures cleared without showing when.,yes,"Clearance is placed on hospital day 3, after antibiotics were started.",Framework-guided investigator revision; no case-specific clinician feedback.
VAL-812,medication_decision_support,yes,Infectious diseases said only to complete a planned course.,yes,The consult now states whether the stop date is fixed or still pending.,Framework-guided investigator revision; no case-specific clinician feedback.
VAL-812,discharge_stability_chronology,yes,The diagnosis preceded the cultures and the echocardiogram.,yes,"Cultures are drawn first, then antibiotics, then the echocardiogram and the surgical opinion.",Framework-guided investigator revision; no case-specific clinician feedback.
VAL-812,internal_consistency,no,Home medicines that remain appropriate stay on their existing rows.,no,none,Framework-guided investigator revision; no case-specific clinician feedback.
VAL-812,unsupported_hidden_reference_action,yes,The clean reference continued ceftriaxone as though the duration were settled.,yes,The reference continues the drug and explicitly does not set the stop date.,Framework-guided investigator revision; no case-specific clinician feedback.
VAL-814,presentation_diagnosis_coherence,yes,"The patient arrived already labeled with cytomegalovirus disease, and valganciclovir was a home drug.",yes,Admission is diarrhea. The biopsy is on hospital day 2. Valganciclovir starts after that.,Framework-guided investigator revision; no case-specific clinician feedback.
VAL-814,causal_context,yes,Diarrhea had no work-up before the label.,yes,Negative stool studies precede the biopsy.,Framework-guided investigator revision; no case-specific clinician feedback.
VAL-814,diagnostic_workup,yes,No stool study or biopsy was on the chart.,yes,"Added both, plus a viral load of 4200 IU/mL.",Framework-guided investigator revision; no case-specific clinician feedback.
VAL-814,treatment_trajectory,yes,Full-dose valganciclovir was already a home medicine.,yes,It is a new start at the renally reduced dose.,Framework-guided investigator revision; no case-specific clinician feedback.
VAL-814,laboratory_vital_trend,yes,"Creatinine fell from 2.5 to 1.6 mg/dL with no baseline, and there was no potassium despite diarrhea.",yes,Baseline creatinine is 1.4 mg/dL. Potassium moves from 3.3 to 4.0 mmol/L.,Framework-guided investigator revision; no case-specific clinician feedback.
VAL-814,hospital_course_completeness,yes,The hold was described as temporary without a restart condition.,yes,Restart is refused today because creatinine is still above baseline.,Framework-guided investigator revision; no case-specific clinician feedback.
VAL-814,medication_decision_support,yes,The clean reference restarted mycophenolate and continued valganciclovir 900 mg twice daily.,yes,Mycophenolate stays held. Valganciclovir is 450 mg twice daily.,Framework-guided investigator revision; no case-specific clinician feedback.
VAL-814,discharge_stability_chronology,no,"Discharge weight 84 kg is at the recorded dry weight of 85 kg, and diarrhea is no longer the uninvestigated arrival problem.",no,none,Framework-guided investigator revision; no case-specific clinician feedback.
VAL-814,internal_consistency,yes,A 900 mg induction dose does not match a discharge creatinine of 1.6 mg/dL.,yes,The dose on the chart and in the reference is 450 mg twice daily.,Framework-guided investigator revision; no case-specific clinician feedback.
VAL-814,unsupported_hidden_reference_action,yes,Restarting mycophenolate was not earned by renal recovery.,yes,The reference holds mycophenolate and starts renally dosed valganciclovir.,Framework-guided investigator revision; no case-specific clinician feedback.
VAL-815,presentation_diagnosis_coherence,yes,Cytomegalovirus disease and home valganciclovir were present on arrival.,yes,Diarrhea is the arrival problem. The antiviral starts after the biopsy.,Framework-guided investigator revision; no case-specific clinician feedback.
VAL-815,causal_context,yes,Nausea had no cause.,yes,The biopsy supplies it after negative stool studies.,Framework-guided investigator revision; no case-specific clinician feedback.
VAL-815,diagnostic_workup,yes,No trough and no biopsy were recorded despite a claimed tacrolimus adjustment.,yes,Added the trough pair and the biopsy.,Framework-guided investigator revision; no case-specific clinician feedback.
VAL-815,treatment_trajectory,yes,"The tacrolimus dose was unchanged, and valganciclovir was already a home drug.",yes,Tacrolimus frequency changes. Valganciclovir is new.,Framework-guided investigator revision; no case-specific clinician feedback.
VAL-815,laboratory_vital_trend,no,Creatinine 0.8 to 0.9 mg/dL and potassium 4.5 to 4.6 mmol/L were already stable and support the 900 mg dose and lisinopril.,no,none,Framework-guided investigator revision; no case-specific clinician feedback.
VAL-815,hospital_course_completeness,yes,The adjustment was announced and not shown.,yes,The trough before and after the change is on the chart.,Framework-guided investigator revision; no case-specific clinician feedback.
VAL-815,medication_decision_support,yes,No new tacrolimus dose was written.,yes,Transplant specifies 1 mg once daily.,Framework-guided investigator revision; no case-specific clinician feedback.
VAL-815,discharge_stability_chronology,yes,Discharge weight was 68 kg against a dry weight of 70 kg.,yes,Discharge weight is set to the 70 kg dry weight.,Framework-guided investigator revision; no case-specific clinician feedback.
VAL-815,internal_consistency,yes,Home and inpatient tacrolimus rows were identical while the note said the dose changed.,yes,Only the inpatient frequency changes.,Framework-guided investigator revision; no case-specific clinician feedback.
VAL-815,unsupported_hidden_reference_action,yes,The clean reference continued tacrolimus 1 mg every 12 hours and home valganciclovir.,yes,The reference changes tacrolimus and starts valganciclovir.,Framework-guided investigator revision; no case-specific clinician feedback.
VAL-816,presentation_diagnosis_coherence,yes,The arrival label was cytomegalovirus disease and valganciclovir was already listed at home.,yes,Diarrhea comes first. The antiviral is new.,Framework-guided investigator revision; no case-specific clinician feedback.
VAL-816,causal_context,yes,Diarrhea was not investigated.,yes,Stool studies are negative and the biopsy is positive.,Framework-guided investigator revision; no case-specific clinician feedback.
VAL-816,diagnostic_workup,yes,No confirmatory test was present.,yes,Added the biopsy.,Framework-guided investigator revision; no case-specific clinician feedback.
VAL-816,treatment_trajectory,yes,"The antiviral predated the diagnosis, and immunosuppression was only tacrolimus.",yes,"Valganciclovir starts after the biopsy. Mycophenolate is added as continued maintenance, not as a hold.",Framework-guided investigator revision; no case-specific clinician feedback.
VAL-816,laboratory_vital_trend,yes,Diarrhea had no potassium.,yes,Potassium is 3.6 then 4.0 mmol/L. Creatinine was already stable and supports 900 mg twice daily.,Framework-guided investigator revision; no case-specific clinician feedback.
VAL-816,hospital_course_completeness,yes,Duration was called pending without a current order.,yes,"The current order is induction valganciclovir, and only the stop date is pending.",Framework-guided investigator revision; no case-specific clinician feedback.
VAL-816,medication_decision_support,yes,A one-drug transplant regimen could not show which medicine the duration decision belongs to.,yes,Mycophenolate and tacrolimus continue. The open decision is the antiviral stop date.,Framework-guided investigator revision; no case-specific clinician feedback.
VAL-816,discharge_stability_chronology,no,Creatinine is already stable and the patient is described as improving.,no,none,Framework-guided investigator revision; no case-specific clinician feedback.
VAL-816,internal_consistency,yes,Home valganciclovir contradicted a new diagnosis.,yes,It is removed from the home list.,Framework-guided investigator revision; no case-specific clinician feedback.
VAL-816,unsupported_hidden_reference_action,yes,The clean reference continued home valganciclovir as if the course length were known.,yes,The reference starts valganciclovir and leaves the stop date pending.,Framework-guided investigator revision; no case-specific clinician feedback.
VAL-817,presentation_diagnosis_coherence,no,A femoral-neck fracture is a coherent reason for admission.,no,none,Framework-guided investigator revision; no case-specific clinician feedback.
VAL-817,causal_context,yes,The fall and the operation were asserted more clearly than they were shown.,yes,"The operation is now a procedure, and the radiograph is on the chart.",Framework-guided investigator revision; no case-specific clinician feedback.
VAL-817,diagnostic_workup,yes,No operative or imaging record was present.,yes,Added the radiograph and the fixation procedure.,Framework-guided investigator revision; no case-specific clinician feedback.
VAL-817,treatment_trajectory,yes,"The note mentioned enoxaparin that was not on the medication list, and warfarin looked continuous.",yes,Enoxaparin is on the list and stops at an INR of 2.1. Warfarin was held and resumed.,Framework-guided investigator revision; no case-specific clinician feedback.
VAL-817,laboratory_vital_trend,yes,The INR did not show a perioperative dip.,yes,"An INR on the day of surgery is now below the admission value, and the discharge INR is the value already stored or the resumed value.",Framework-guided investigator revision; no case-specific clinician feedback.
VAL-817,hospital_course_completeness,yes,Interruption and resumption had no sequence.,yes,"Hold, operation, and resumption are ordered.",Framework-guided investigator revision; no case-specific clinician feedback.
VAL-817,medication_decision_support,yes,Continuing warfarin could not be distinguished from never holding it.,yes,"The chart says it was resumed and should continue, with INR follow-up.",Framework-guided investigator revision; no case-specific clinician feedback.
VAL-817,discharge_stability_chronology,no,Vital signs were already stable. The chronology of the anticoagulant is what was repaired.,no,none,Framework-guided investigator revision; no case-specific clinician feedback.
VAL-817,internal_consistency,yes,The narrative and the always-active warfarin row disagreed.,yes,The row note and the narrative now both describe a hold and a resume.,Framework-guided investigator revision; no case-specific clinician feedback.
VAL-817,unsupported_hidden_reference_action,yes,The clean reference continued warfarin without a visible interruption.,yes,"The reference continues warfarin because the chart says it was resumed, and it stops enoxaparin only where a bridge is actually on the chart.",Framework-guided investigator revision; no case-specific clinician feedback.
VAL-818,presentation_diagnosis_coherence,no,A femoral-neck fracture is a coherent reason for admission.,no,none,Framework-guided investigator revision; no case-specific clinician feedback.
VAL-818,causal_context,yes,The fall and the operation were asserted more clearly than they were shown.,yes,"The operation is now a procedure, and the radiograph is on the chart.",Framework-guided investigator revision; no case-specific clinician feedback.
VAL-818,diagnostic_workup,yes,No operative or imaging record was present.,yes,Added the radiograph and the fixation procedure.,Framework-guided investigator revision; no case-specific clinician feedback.
VAL-818,treatment_trajectory,yes,Warfarin was listed as continuously active while the note said it was interrupted.,yes,The inpatient note says it was held on the day of surgery and resumed the next evening.,Framework-guided investigator revision; no case-specific clinician feedback.
VAL-818,laboratory_vital_trend,yes,Hemoglobin rose from 7.9 to 10.3 g/dL and the note said there was no transfusion.,yes,One unit of red cells explains the rise. A preoperative hemoglobin of 11.6 g/dL is added.,Framework-guided investigator revision; no case-specific clinician feedback.
VAL-818,hospital_course_completeness,yes,Interruption and resumption had no sequence.,yes,"Hold, operation, and resumption are ordered.",Framework-guided investigator revision; no case-specific clinician feedback.
VAL-818,medication_decision_support,yes,Continuing warfarin could not be distinguished from never holding it.,yes,"The chart says it was resumed and should continue, with INR follow-up.",Framework-guided investigator revision; no case-specific clinician feedback.
VAL-818,discharge_stability_chronology,no,Vital signs were already stable. The chronology of the anticoagulant is what was repaired.,no,none,Framework-guided investigator revision; no case-specific clinician feedback.
VAL-818,internal_consistency,yes,"The no-transfusion sentence contradicted the hemoglobin rise, and warfarin looked continuous.",yes,"Transfusion is now stated, and warfarin is held then resumed.",Framework-guided investigator revision; no case-specific clinician feedback.
VAL-818,unsupported_hidden_reference_action,yes,The clean reference continued warfarin without a visible interruption.,yes,"The reference continues warfarin because the chart says it was resumed, and it stops enoxaparin only where a bridge is actually on the chart.",Framework-guided investigator revision; no case-specific clinician feedback.
VAL-819,presentation_diagnosis_coherence,no,A femoral-neck fracture is a coherent reason for admission.,no,none,Framework-guided investigator revision; no case-specific clinician feedback.
VAL-819,causal_context,yes,The fall and the operation were asserted more clearly than they were shown.,yes,"The operation is now a procedure, and the radiograph is on the chart.",Framework-guided investigator revision; no case-specific clinician feedback.
VAL-819,diagnostic_workup,yes,No operative or imaging record was present.,yes,Added the radiograph and the fixation procedure.,Framework-guided investigator revision; no case-specific clinician feedback.
VAL-819,treatment_trajectory,yes,Warfarin was listed as continuously active while the note said it was interrupted.,yes,The inpatient note says it was held on the day of surgery and resumed the next evening.,Framework-guided investigator revision; no case-specific clinician feedback.
VAL-819,laboratory_vital_trend,yes,The INR did not show a perioperative dip.,yes,"An INR on the day of surgery is now below the admission value, and the discharge INR is the value already stored or the resumed value.",Framework-guided investigator revision; no case-specific clinician feedback.
VAL-819,hospital_course_completeness,yes,Interruption and resumption had no sequence.,yes,"Hold, operation, and resumption are ordered.",Framework-guided investigator revision; no case-specific clinician feedback.
VAL-819,medication_decision_support,yes,The follow-up mentioned supply without saying the tablets were dispensed.,yes,"A 14-day supply is stated, matching the visit.",Framework-guided investigator revision; no case-specific clinician feedback.
VAL-819,discharge_stability_chronology,no,Vital signs were already stable. The chronology of the anticoagulant is what was repaired.,no,none,Framework-guided investigator revision; no case-specific clinician feedback.
VAL-819,internal_consistency,yes,The narrative and the always-active warfarin row disagreed.,yes,The row note and the narrative now both describe a hold and a resume.,Framework-guided investigator revision; no case-specific clinician feedback.
VAL-819,unsupported_hidden_reference_action,yes,The clean reference continued warfarin without a visible interruption.,yes,"The reference continues warfarin because the chart says it was resumed, and it stops enoxaparin only where a bridge is actually on the chart.",Framework-guided investigator revision; no case-specific clinician feedback.
VAL-820,presentation_diagnosis_coherence,no,A femoral-neck fracture is a coherent reason for admission.,no,none,Framework-guided investigator revision; no case-specific clinician feedback.
VAL-820,causal_context,yes,The fall and the operation were asserted more clearly than they were shown.,yes,"The operation is now a procedure, and the radiograph is on the chart.",Framework-guided investigator revision; no case-specific clinician feedback.
VAL-820,diagnostic_workup,yes,No operative or imaging record was present.,yes,Added the radiograph and the fixation procedure.,Framework-guided investigator revision; no case-specific clinician feedback.
VAL-820,treatment_trajectory,yes,"Warfarin and enoxaparin were both simply active, and the note denied a transfusion.",yes,Enoxaparin stops at an INR of 2.0. One unit of red cells is recorded.,Framework-guided investigator revision; no case-specific clinician feedback.
VAL-820,laboratory_vital_trend,yes,The INR did not show a perioperative dip.,yes,"An INR on the day of surgery is now below the admission value, and the discharge INR is the value already stored or the resumed value.",Framework-guided investigator revision; no case-specific clinician feedback.
VAL-820,hospital_course_completeness,yes,Interruption and resumption had no sequence.,yes,"Hold, operation, and resumption are ordered.",Framework-guided investigator revision; no case-specific clinician feedback.
VAL-820,medication_decision_support,yes,Continuing warfarin could not be distinguished from never holding it.,yes,"The chart says it was resumed and should continue, with INR follow-up.",Framework-guided investigator revision; no case-specific clinician feedback.
VAL-820,discharge_stability_chronology,no,Vital signs were already stable. The chronology of the anticoagulant is what was repaired.,no,none,Framework-guided investigator revision; no case-specific clinician feedback.
VAL-820,internal_consistency,yes,Hemoglobin rose from 8.3 to 11.1 g/dL under a no-transfusion sentence.,yes,The sentence is replaced by the transfusion.,Framework-guided investigator revision; no case-specific clinician feedback.
VAL-820,unsupported_hidden_reference_action,yes,The clean reference continued warfarin without a visible interruption.,yes,"The reference continues warfarin because the chart says it was resumed, and it stops enoxaparin only where a bridge is actually on the chart.",Framework-guided investigator revision; no case-specific clinician feedback.
VAL-821,presentation_diagnosis_coherence,no,Gastrointestinal bleeding is a coherent admission diagnosis once melena is stated.,no,none,Framework-guided investigator revision; no case-specific clinician feedback.
VAL-821,causal_context,yes,Fatigue was the only symptom on a bleeding label.,yes,Melena is now the presenting symptom.,Framework-guided investigator revision; no case-specific clinician feedback.
VAL-821,diagnostic_workup,yes,No statement said whether endoscopy had been done.,yes,"Endoscopy is explicitly not done this stay, and the outpatient visit is the reassessment.",Framework-guided investigator revision; no case-specific clinician feedback.
VAL-821,treatment_trajectory,no,"Apixaban was already held, which is the acute action.",no,none,Framework-guided investigator revision; no case-specific clinician feedback.
VAL-821,laboratory_vital_trend,no,Hemoglobin 8.7 to 10.9 g/dL and stable blood pressure were already on the chart.,no,none,Framework-guided investigator revision; no case-specific clinician feedback.
VAL-821,hospital_course_completeness,yes,Bleeding settled was not tied to absence of further melena.,yes,The course says melena stopped.,Framework-guided investigator revision; no case-specific clinician feedback.
VAL-821,medication_decision_support,yes,"Gastroenterology said to hold and then reassess, while the reference restarted apixaban.",yes,The reference now holds apixaban.,Framework-guided investigator revision; no case-specific clinician feedback.
VAL-821,discharge_stability_chronology,no,"Vital signs were already stable, and the chart says she is not in shock.",no,none,Framework-guided investigator revision; no case-specific clinician feedback.
VAL-821,internal_consistency,yes,The consult and the restart reference disagreed.,yes,Both now say not to restart today.,Framework-guided investigator revision; no case-specific clinician feedback.
VAL-821,unsupported_hidden_reference_action,yes,Restart was not what the consult recommended.,yes,Hold is the action. Restart after documented hemostasis is the alternative not chosen today.,Framework-guided investigator revision; no case-specific clinician feedback.
VAL-822,presentation_diagnosis_coherence,no,Gastrointestinal bleeding is a coherent label once melena is stated.,no,none,Framework-guided investigator revision; no case-specific clinician feedback.
VAL-822,causal_context,yes,Fatigue and nausea were not described as bleeding.,yes,Melena is added.,Framework-guided investigator revision; no case-specific clinician feedback.
VAL-822,diagnostic_workup,yes,No plan said whether endoscopy would happen.,yes,Outpatient endoscopy is planned. None was done here.,Framework-guided investigator revision; no case-specific clinician feedback.
VAL-822,treatment_trajectory,no,"Pantoprazole was already an inpatient start, which matches acid suppression for a bleed.",no,none,Framework-guided investigator revision; no case-specific clinician feedback.
VAL-822,laboratory_vital_trend,yes,Metformin was continued with no creatinine.,yes,Creatinine is 1.0 mg/dL. The hemoglobin pair was already on the chart.,Framework-guided investigator revision; no case-specific clinician feedback.
VAL-822,hospital_course_completeness,yes,Stability was asserted without saying melena had stopped.,yes,Melena has stopped and she is not in shock.,Framework-guided investigator revision; no case-specific clinician feedback.
VAL-822,medication_decision_support,yes,The clean reference stopped pantoprazole at discharge.,yes,Gastroenterology continues it for four weeks.,Framework-guided investigator revision; no case-specific clinician feedback.
VAL-822,discharge_stability_chronology,no,Blood pressure was already stable.,no,none,Framework-guided investigator revision; no case-specific clinician feedback.
VAL-822,internal_consistency,yes,A stop at discharge conflicted with acid suppression for an acute bleed.,yes,The note and the reference both continue a four-week course.,Framework-guided investigator revision; no case-specific clinician feedback.
VAL-822,unsupported_hidden_reference_action,yes,Stopping pantoprazole was not supported.,yes,The reference continues pantoprazole 40 mg daily for four weeks and then stops. Indefinite therapy is the alternative not chosen.,Framework-guided investigator revision; no case-specific clinician feedback.
VAL-823,presentation_diagnosis_coherence,no,Bleeding is a coherent admission problem.,no,none,Framework-guided investigator revision; no case-specific clinician feedback.
VAL-823,causal_context,yes,The pending anticoagulation decision had no description of the bleed.,yes,Melena and hemodynamic stability are stated.,Framework-guided investigator revision; no case-specific clinician feedback.
VAL-823,diagnostic_workup,yes,It was unclear whether endoscopy had happened.,yes,No endoscopy this stay is now explicit.,Framework-guided investigator revision; no case-specific clinician feedback.
VAL-823,treatment_trajectory,no,Apixaban was already held.,no,none,Framework-guided investigator revision; no case-specific clinician feedback.
VAL-823,laboratory_vital_trend,no,The hemoglobin rise from 9.0 to 10.2 g/dL was already on the chart.,no,none,Framework-guided investigator revision; no case-specific clinician feedback.
VAL-823,hospital_course_completeness,yes,Pending was stated without the stability facts.,yes,Melena has stopped and vital signs are stable.,Framework-guided investigator revision; no case-specific clinician feedback.
VAL-823,medication_decision_support,no,"The clean reference already held apixaban, and the chart now says not to restart today.",no,none,Framework-guided investigator revision; no case-specific clinician feedback.
VAL-823,discharge_stability_chronology,no,The chart already said he was discharge-ready and not in shock. Blood pressure was normal.,no,none,Framework-guided investigator revision; no case-specific clinician feedback.
VAL-823,internal_consistency,no,Hold on the medication row and hold in the reference already agreed. The new sentences keep that agreement.,no,none,Framework-guided investigator revision; no case-specific clinician feedback.
VAL-823,unsupported_hidden_reference_action,no,"Holding apixaban is defended by the consult. Restart at the visit is the named alternative, not today's action.",no,none,Framework-guided investigator revision; no case-specific clinician feedback.
VAL-824,presentation_diagnosis_coherence,no,Bleeding is a coherent admission diagnosis.,no,none,Framework-guided investigator revision; no case-specific clinician feedback.
VAL-824,causal_context,yes,The bleed was named without melena.,yes,Melena is added.,Framework-guided investigator revision; no case-specific clinician feedback.
VAL-824,diagnostic_workup,no,The decision does not require a new in-hospital test beyond the hemoglobin already recorded.,no,none,Framework-guided investigator revision; no case-specific clinician feedback.
VAL-824,treatment_trajectory,no,Aspirin was already stopped during the admission.,no,none,Framework-guided investigator revision; no case-specific clinician feedback.
VAL-824,laboratory_vital_trend,no,"Hemoglobin rose from 7.8 to 9.3 g/dL, and vital signs were stable.",no,none,Framework-guided investigator revision; no case-specific clinician feedback.
VAL-824,hospital_course_completeness,yes,The course did not say whether bleeding continued.,yes,Melena has stopped.,Framework-guided investigator revision; no case-specific clinician feedback.
VAL-824,medication_decision_support,yes,"The gastroenterology sentence talked about anticoagulation, and this patient is on aspirin.",yes,"The consult now says not to restart aspirin, and the history has no coronary disease.",Framework-guided investigator revision; no case-specific clinician feedback.
VAL-824,discharge_stability_chronology,no,Blood pressure at discharge was already 130/74 mm Hg.,no,none,Framework-guided investigator revision; no case-specific clinician feedback.
VAL-824,internal_consistency,yes,An anticoagulation sentence sat on an aspirin case.,yes,The consult matches aspirin.,Framework-guided investigator revision; no case-specific clinician feedback.
VAL-824,unsupported_hidden_reference_action,no,Stopping aspirin for primary prevention after a bleed is supported once the missing coronary history is stated as absent.,no,none,Framework-guided investigator revision; no case-specific clinician feedback.
