case_id,case_type,error_category,item,reviewer_1_rating,reviewer_2_rating,agree,abs_diff_c1,reviewer_1_comment,reviewer_2_comment,flag
VAL-801,Clean control,None,C1 – Presentation and demographics,2,2,Yes,0,,,
VAL-801,Clean control,None,C1 – Fit between presentation and diagnosis,2,1,No,1,,,
VAL-801,Clean control,None,C1 – Vital signs,3,4,No,1,,,
VAL-801,Clean control,None,C1 – Laboratory findings,3,3,Yes,0,,,
VAL-801,Clean control,None,C1 – Medication regimen,3,4,No,1,,,
VAL-801,Clean control,None,C1 – Hospital course,2,1,No,1,,,
VAL-801,Clean control,None,C1 – Consistency across the chart,3,1,No,2,,,
VAL-801,Clean control,None,C1 – Discharge plan and follow-up,4,2,No,2,,,
VAL-801,Clean control,None,C1 – Overall plausibility,Fail,Fail,Yes,,"This case is lacking clinical complexity. The patient presents with delirium, but the cause is not revealed during the hospital course, we just learn that the delirium improves with treatment. There are no further details on why the patient was delirious or why he improved. It is also not clear why the ibuprofen was stopped. I would add that he is discovered to have an infection or GI bleed or something that would explain this better.","Overall the premise of the case doesn’t really make sense – baseline delirium doesn’t exist as it is, by definitition, a change from baseline. I think we are getting at a history of dementia with acute onset delirium but it might make more sense if there was a reason for the decompensation like a UTI or something simple.",
VAL-801,Clean control,None,C2 – Intended assessment problem,Fail,,,,It wasn’t clear why ibuprofen should be stopped.,,
VAL-801,Clean control,None,C3 – Detectability,Pass;Fail,,,,,,Reviewer 1 ticked both Pass and Fail
VAL-801,Clean control,None,C4 – No unintended competing problems,Fail,,,,Issue: Ibuprofen stopped on admission | Where: In home medication list | Why: No obvious indication for why this should be stopped | Not clear why ibuprofen was stopped,,
VAL-801,Clean control,None,C5 – Expected learner difficulty,Inappropriate / outlier,,,,Case is unclear,,
VAL-801,Clean control,None,Overall recommendation,Revise,,,,"This case could be usable if there was more complexity to the clinical case, i.e infection discovered and treated. Delirium due to known physiologic condition and then not elaborating on the physiologic condition doesn’t make sense. Medication list should be clearer.",,
VAL-802,Error-bearing,Medication omitted at discharge (f1_omission),C1 – Presentation and demographics,2,,,,,,
VAL-802,Error-bearing,Medication omitted at discharge (f1_omission),C1 – Fit between presentation and diagnosis,1,,,,,,
VAL-802,Error-bearing,Medication omitted at discharge (f1_omission),C1 – Vital signs,3,,,,,,
VAL-802,Error-bearing,Medication omitted at discharge (f1_omission),C1 – Laboratory findings,2,,,,,,
VAL-802,Error-bearing,Medication omitted at discharge (f1_omission),C1 – Medication regimen,2,,,,,,
VAL-802,Error-bearing,Medication omitted at discharge (f1_omission),C1 – Hospital course,1,,,,,,
VAL-802,Error-bearing,Medication omitted at discharge (f1_omission),C1 – Consistency across the chart,2,,,,,,
VAL-802,Error-bearing,Medication omitted at discharge (f1_omission),C1 – Discharge plan and follow-up,2,,,,,,
VAL-802,Error-bearing,Medication omitted at discharge (f1_omission),C1 – Overall plausibility,Fail,,,,"Several issues with this – delirium cause is not revealed (delirium due to known physiologic condition doesn’t make sense), it doesn’t appear that anything happened in the hospital course, creatinine was the only lab value and changed slightly, but it was not clear what the baseline creatinine was, lots of mention of the statin and it said that she was taking the statin, but this was not continued at discharge for no obvious reason",,
VAL-802,Error-bearing,Medication omitted at discharge (f1_omission),C2 – Intended assessment problem,Fail,,,,Was the trainee supposed to continue the statin? Or recognize that it was not continued? It is unclear,,
VAL-802,Error-bearing,Medication omitted at discharge (f1_omission),C3 – Detectability,Fail,,,,Case lacks clinical complexity and reasoning for stopping the statin,,
VAL-802,Error-bearing,Medication omitted at discharge (f1_omission),C4 – No unintended competing problems,Fail,,,,Issue: Creatinine elevated but patient continued on lisinopril | Where: Lab data | Why: If creatinine was elevated to point of AKI the lisinopril should be stopped | As above,,
VAL-802,Error-bearing,Medication omitted at discharge (f1_omission),C5 – Expected learner difficulty,Inappropriate / outlier,,,,This case is unclear and intended discharge medications are not stated,,
VAL-802,Error-bearing,Medication omitted at discharge (f1_omission),Overall recommendation,Exclude,,,,"Would exclude, this case would need major revisions to be compatible with the goals of this project",,
VAL-803,Error-bearing,Insufficient medication supply (f2_insufficient_supply),C1 – Presentation and demographics,2,,,,,,
VAL-803,Error-bearing,Insufficient medication supply (f2_insufficient_supply),C1 – Fit between presentation and diagnosis,1,,,,,,
VAL-803,Error-bearing,Insufficient medication supply (f2_insufficient_supply),C1 – Vital signs,3,,,,,,
VAL-803,Error-bearing,Insufficient medication supply (f2_insufficient_supply),C1 – Laboratory findings,3,,,,,,
VAL-803,Error-bearing,Insufficient medication supply (f2_insufficient_supply),C1 – Medication regimen,3,,,,,,
VAL-803,Error-bearing,Insufficient medication supply (f2_insufficient_supply),C1 – Hospital course,1,,,,,,
VAL-803,Error-bearing,Insufficient medication supply (f2_insufficient_supply),C1 – Consistency across the chart,2,,,,,,
VAL-803,Error-bearing,Insufficient medication supply (f2_insufficient_supply),C1 – Discharge plan and follow-up,3,,,,,,
VAL-803,Error-bearing,Insufficient medication supply (f2_insufficient_supply),C1 – Overall plausibility,Fail,,,,"Several issues – delirium diagnosis is unclear (delirium due to known physiologic condition), cause is not revealed during the hospital course. Medication list is fine but no changes that need to be made at discharge. Her creatinine changes so this might be considered clinically relevant or why the patient receives only 7 days of lisinopril.",,
VAL-803,Error-bearing,Insufficient medication supply (f2_insufficient_supply),C2 – Intended assessment problem,,,,,,,
VAL-803,Error-bearing,Insufficient medication supply (f2_insufficient_supply),C3 – Detectability,,,,,,,
VAL-803,Error-bearing,Insufficient medication supply (f2_insufficient_supply),C4 – No unintended competing problems,,,,,,,
VAL-803,Error-bearing,Insufficient medication supply (f2_insufficient_supply),C5 – Expected learner difficulty,,,,,,,
VAL-803,Error-bearing,Insufficient medication supply (f2_insufficient_supply),Overall recommendation,,,,,,,
VAL-804,Error-bearing,Follow-up missing for an unresolved treatment decision (f2_pending_decision_followup_missing),C1 – Presentation and demographics,,,,,,,
VAL-804,Error-bearing,Follow-up missing for an unresolved treatment decision (f2_pending_decision_followup_missing),C1 – Fit between presentation and diagnosis,,,,,,,
VAL-804,Error-bearing,Follow-up missing for an unresolved treatment decision (f2_pending_decision_followup_missing),C1 – Vital signs,,,,,,,
VAL-804,Error-bearing,Follow-up missing for an unresolved treatment decision (f2_pending_decision_followup_missing),C1 – Laboratory findings,,,,,,,
VAL-804,Error-bearing,Follow-up missing for an unresolved treatment decision (f2_pending_decision_followup_missing),C1 – Medication regimen,,,,,,,
VAL-804,Error-bearing,Follow-up missing for an unresolved treatment decision (f2_pending_decision_followup_missing),C1 – Hospital course,,,,,,,
VAL-804,Error-bearing,Follow-up missing for an unresolved treatment decision (f2_pending_decision_followup_missing),C1 – Consistency across the chart,,,,,,,
VAL-804,Error-bearing,Follow-up missing for an unresolved treatment decision (f2_pending_decision_followup_missing),C1 – Discharge plan and follow-up,,,,,,,
VAL-804,Error-bearing,Follow-up missing for an unresolved treatment decision (f2_pending_decision_followup_missing),C1 – Overall plausibility,,,,,,,
VAL-804,Error-bearing,Follow-up missing for an unresolved treatment decision (f2_pending_decision_followup_missing),C2 – Intended assessment problem,,,,,,,
VAL-804,Error-bearing,Follow-up missing for an unresolved treatment decision (f2_pending_decision_followup_missing),C3 – Detectability,,,,,,,
VAL-804,Error-bearing,Follow-up missing for an unresolved treatment decision (f2_pending_decision_followup_missing),C4 – No unintended competing problems,,,,,,,
VAL-804,Error-bearing,Follow-up missing for an unresolved treatment decision (f2_pending_decision_followup_missing),C5 – Expected learner difficulty,,,,,,,
VAL-804,Error-bearing,Follow-up missing for an unresolved treatment decision (f2_pending_decision_followup_missing),Overall recommendation,,,,,,,
VAL-805,Clean control,None,C1 – Presentation and demographics,3,3,Yes,0,,,
VAL-805,Clean control,None,C1 – Fit between presentation and diagnosis,3,2,No,1,,,
VAL-805,Clean control,None,C1 – Vital signs,3,3,Yes,0,,,
VAL-805,Clean control,None,C1 – Laboratory findings,3,4,No,1,,,
VAL-805,Clean control,None,C1 – Medication regimen,2;3,4,,,,,Reviewer 1 ticked both 2 and 3
VAL-805,Clean control,None,C1 – Hospital course,2,3,No,1,,,
VAL-805,Clean control,None,C1 – Consistency across the chart,3,4,No,1,,,
VAL-805,Clean control,None,C1 – Discharge plan and follow-up,3,3,Yes,0,,,
VAL-805,Clean control,None,C1 – Overall plausibility,Fail,Pass,No,,"Clinical presentation was mostly clear and understandable. The vitals and lab trends make sense. The weight should be closer to dry weight at the time of discharge. The medications during hospitalization would not be the same as the home regimen - the lasix would be given IV and increased. Additionally, it would be more realistic to have several days of input and output data, as well as data on what medications the patient received during the hospitalization. It would be helpful to have either notes from cardiology or echocardiogram data and require the trainee to add additional medications to the patient’s regimen or adjust their dose of lasix.","This case makes sense at face value but doesn’t really seem complete clinically. It does not discuss the investigation into reasons for decompensation (missed meds, new arrythmia, ischemia, etc.) Overall it needs more clinical detail before it could be effective.",Reviewer 2 marked C1 Pass although Fit domain = 2 (form rule: any 1–2 → Fail)
VAL-805,Clean control,None,C2 – Intended assessment problem,Pass,,,,,,
VAL-805,Clean control,None,C3 – Detectability,Fail,,,,The discharge weight not being close to the patient’s dry weight is confusing and suggests that the patient is not in fact ready for discharge,,
VAL-805,Clean control,None,C4 – No unintended competing problems,Pass,,,,,,
VAL-805,Clean control,None,C5 – Expected learner difficulty,Moderate,,,,,,
VAL-805,Clean control,None,Overall recommendation,Revise,,,,"We need to add further details to the hospital course so there is a greater understanding of what diuresis the patient was receiving during the hospitalization (should not be the same as the patient’s home regimen). The trainee should have to make decisions on additional medications that should be added to the patient’s regimen – i.e. other GDMT such as ACE/ARB, SGLT2i, MRA",,
VAL-806,Error-bearing,Held medication without a restart plan (f2_held_med_no_restart_plan),C1 – Presentation and demographics,,,,,,,
VAL-806,Error-bearing,Held medication without a restart plan (f2_held_med_no_restart_plan),C1 – Fit between presentation and diagnosis,,,,,,,
VAL-806,Error-bearing,Held medication without a restart plan (f2_held_med_no_restart_plan),C1 – Vital signs,,,,,,,
VAL-806,Error-bearing,Held medication without a restart plan (f2_held_med_no_restart_plan),C1 – Laboratory findings,,,,,,,
VAL-806,Error-bearing,Held medication without a restart plan (f2_held_med_no_restart_plan),C1 – Medication regimen,,,,,,,
VAL-806,Error-bearing,Held medication without a restart plan (f2_held_med_no_restart_plan),C1 – Hospital course,,,,,,,
VAL-806,Error-bearing,Held medication without a restart plan (f2_held_med_no_restart_plan),C1 – Consistency across the chart,,,,,,,
VAL-806,Error-bearing,Held medication without a restart plan (f2_held_med_no_restart_plan),C1 – Discharge plan and follow-up,,,,,,,
VAL-806,Error-bearing,Held medication without a restart plan (f2_held_med_no_restart_plan),C1 – Overall plausibility,,,,,,,
VAL-806,Error-bearing,Held medication without a restart plan (f2_held_med_no_restart_plan),C2 – Intended assessment problem,,,,,,,
VAL-806,Error-bearing,Held medication without a restart plan (f2_held_med_no_restart_plan),C3 – Detectability,,,,,,,
VAL-806,Error-bearing,Held medication without a restart plan (f2_held_med_no_restart_plan),C4 – No unintended competing problems,,,,,,,
VAL-806,Error-bearing,Held medication without a restart plan (f2_held_med_no_restart_plan),C5 – Expected learner difficulty,,,,,,,
VAL-806,Error-bearing,Held medication without a restart plan (f2_held_med_no_restart_plan),Overall recommendation,,,,,,,
VAL-807,Error-bearing,Unexplained dose discrepancy (f1_dose_mismatch),C1 – Presentation and demographics,,,,,,,
VAL-807,Error-bearing,Unexplained dose discrepancy (f1_dose_mismatch),C1 – Fit between presentation and diagnosis,,,,,,,
VAL-807,Error-bearing,Unexplained dose discrepancy (f1_dose_mismatch),C1 – Vital signs,,,,,,,
VAL-807,Error-bearing,Unexplained dose discrepancy (f1_dose_mismatch),C1 – Laboratory findings,,,,,,,
VAL-807,Error-bearing,Unexplained dose discrepancy (f1_dose_mismatch),C1 – Medication regimen,,,,,,,
VAL-807,Error-bearing,Unexplained dose discrepancy (f1_dose_mismatch),C1 – Hospital course,,,,,,,
VAL-807,Error-bearing,Unexplained dose discrepancy (f1_dose_mismatch),C1 – Consistency across the chart,,,,,,,
VAL-807,Error-bearing,Unexplained dose discrepancy (f1_dose_mismatch),C1 – Discharge plan and follow-up,,,,,,,
VAL-807,Error-bearing,Unexplained dose discrepancy (f1_dose_mismatch),C1 – Overall plausibility,,,,,,,
VAL-807,Error-bearing,Unexplained dose discrepancy (f1_dose_mismatch),C2 – Intended assessment problem,,,,,,,
VAL-807,Error-bearing,Unexplained dose discrepancy (f1_dose_mismatch),C3 – Detectability,,,,,,,
VAL-807,Error-bearing,Unexplained dose discrepancy (f1_dose_mismatch),C4 – No unintended competing problems,,,,,,,
VAL-807,Error-bearing,Unexplained dose discrepancy (f1_dose_mismatch),C5 – Expected learner difficulty,,,,,,,
VAL-807,Error-bearing,Unexplained dose discrepancy (f1_dose_mismatch),Overall recommendation,,,,,,,
VAL-808,Error-bearing,Unexplained therapeutic substitution (f1_therapeutic_substitution),C1 – Presentation and demographics,,,,,,,
VAL-808,Error-bearing,Unexplained therapeutic substitution (f1_therapeutic_substitution),C1 – Fit between presentation and diagnosis,,,,,,,
VAL-808,Error-bearing,Unexplained therapeutic substitution (f1_therapeutic_substitution),C1 – Vital signs,,,,,,,
VAL-808,Error-bearing,Unexplained therapeutic substitution (f1_therapeutic_substitution),C1 – Laboratory findings,,,,,,,
VAL-808,Error-bearing,Unexplained therapeutic substitution (f1_therapeutic_substitution),C1 – Medication regimen,,,,,,,
VAL-808,Error-bearing,Unexplained therapeutic substitution (f1_therapeutic_substitution),C1 – Hospital course,,,,,,,
VAL-808,Error-bearing,Unexplained therapeutic substitution (f1_therapeutic_substitution),C1 – Consistency across the chart,,,,,,,
VAL-808,Error-bearing,Unexplained therapeutic substitution (f1_therapeutic_substitution),C1 – Discharge plan and follow-up,,,,,,,
VAL-808,Error-bearing,Unexplained therapeutic substitution (f1_therapeutic_substitution),C1 – Overall plausibility,,,,,,,
VAL-808,Error-bearing,Unexplained therapeutic substitution (f1_therapeutic_substitution),C2 – Intended assessment problem,,,,,,,
VAL-808,Error-bearing,Unexplained therapeutic substitution (f1_therapeutic_substitution),C3 – Detectability,,,,,,,
VAL-808,Error-bearing,Unexplained therapeutic substitution (f1_therapeutic_substitution),C4 – No unintended competing problems,,,,,,,
VAL-808,Error-bearing,Unexplained therapeutic substitution (f1_therapeutic_substitution),C5 – Expected learner difficulty,,,,,,,
VAL-808,Error-bearing,Unexplained therapeutic substitution (f1_therapeutic_substitution),Overall recommendation,,,,,,,
VAL-809,Clean control,None,C1 – Presentation and demographics,2,2,Yes,0,,,
VAL-809,Clean control,None,C1 – Fit between presentation and diagnosis,2,2,Yes,0,,,
VAL-809,Clean control,None,C1 – Vital signs,3,3,Yes,0,,,
VAL-809,Clean control,None,C1 – Laboratory findings,2,3,No,1,,,
VAL-809,Clean control,None,C1 – Medication regimen,2,3,No,1,,,
VAL-809,Clean control,None,C1 – Hospital course,2,3,No,1,,,
VAL-809,Clean control,None,C1 – Consistency across the chart,2,3,No,1,,,
VAL-809,Clean control,None,C1 – Discharge plan and follow-up,3,3,Yes,0,,,
VAL-809,Clean control,None,C1 – Overall plausibility,Fail,Fail,Yes,,"Presentation – requires more details, should present with fevers, have a history of mechanical valve or poor dentition that would predispose to endocarditis Labs/meds – AKI was unexplained and lisinopril was continued despite AKI","Similar issue, the case makes sense objectively but is lacking in any clinical detail that would influence decision making. Notable things are workup for source of the infection, lab changes, imaging to evaluate, consideration of need for surgical intervention, etc.",
VAL-809,Clean control,None,C2 – Intended assessment problem,Fail,,,,Lisinopril was continued despite the patient having an AKI,,
VAL-809,Clean control,None,C3 – Detectability,Pass,,,,,,
VAL-809,Clean control,None,C4 – No unintended competing problems,Fail,,,,Issue: Lisinopril - AKI | Where: Medications | Why: Should not be continued,,
VAL-809,Clean control,None,C5 – Expected learner difficulty,Inappropriate / outlier,,,,Error in the case as described above,,
VAL-809,Clean control,None,Overall recommendation,Revise,,,,"Revise clinical scenario to add more details. Would have fevers/chills/predisposition to endocarditis. Lisinopril should be held if the patient has an AKI. Patient of this age would be very likely to have more than 2 home medications, would like to have more detail and complexity overall to this case.",,
VAL-810,Error-bearing,Medication omitted at discharge (f1_omission),C1 – Presentation and demographics,,,,,,,
VAL-810,Error-bearing,Medication omitted at discharge (f1_omission),C1 – Fit between presentation and diagnosis,,,,,,,
VAL-810,Error-bearing,Medication omitted at discharge (f1_omission),C1 – Vital signs,,,,,,,
VAL-810,Error-bearing,Medication omitted at discharge (f1_omission),C1 – Laboratory findings,,,,,,,
VAL-810,Error-bearing,Medication omitted at discharge (f1_omission),C1 – Medication regimen,,,,,,,
VAL-810,Error-bearing,Medication omitted at discharge (f1_omission),C1 – Hospital course,,,,,,,
VAL-810,Error-bearing,Medication omitted at discharge (f1_omission),C1 – Consistency across the chart,,,,,,,
VAL-810,Error-bearing,Medication omitted at discharge (f1_omission),C1 – Discharge plan and follow-up,,,,,,,
VAL-810,Error-bearing,Medication omitted at discharge (f1_omission),C1 – Overall plausibility,,,,,,,
VAL-810,Error-bearing,Medication omitted at discharge (f1_omission),C2 – Intended assessment problem,,,,,,,
VAL-810,Error-bearing,Medication omitted at discharge (f1_omission),C3 – Detectability,,,,,,,
VAL-810,Error-bearing,Medication omitted at discharge (f1_omission),C4 – No unintended competing problems,,,,,,,
VAL-810,Error-bearing,Medication omitted at discharge (f1_omission),C5 – Expected learner difficulty,,,,,,,
VAL-810,Error-bearing,Medication omitted at discharge (f1_omission),Overall recommendation,,,,,,,
VAL-811,Error-bearing,Insufficient medication supply (f2_insufficient_supply),C1 – Presentation and demographics,,,,,,,
VAL-811,Error-bearing,Insufficient medication supply (f2_insufficient_supply),C1 – Fit between presentation and diagnosis,,,,,,,
VAL-811,Error-bearing,Insufficient medication supply (f2_insufficient_supply),C1 – Vital signs,,,,,,,
VAL-811,Error-bearing,Insufficient medication supply (f2_insufficient_supply),C1 – Laboratory findings,,,,,,,
VAL-811,Error-bearing,Insufficient medication supply (f2_insufficient_supply),C1 – Medication regimen,,,,,,,
VAL-811,Error-bearing,Insufficient medication supply (f2_insufficient_supply),C1 – Hospital course,,,,,,,
VAL-811,Error-bearing,Insufficient medication supply (f2_insufficient_supply),C1 – Consistency across the chart,,,,,,,
VAL-811,Error-bearing,Insufficient medication supply (f2_insufficient_supply),C1 – Discharge plan and follow-up,,,,,,,
VAL-811,Error-bearing,Insufficient medication supply (f2_insufficient_supply),C1 – Overall plausibility,,,,,,,
VAL-811,Error-bearing,Insufficient medication supply (f2_insufficient_supply),C2 – Intended assessment problem,,,,,,,
VAL-811,Error-bearing,Insufficient medication supply (f2_insufficient_supply),C3 – Detectability,,,,,,,
VAL-811,Error-bearing,Insufficient medication supply (f2_insufficient_supply),C4 – No unintended competing problems,,,,,,,
VAL-811,Error-bearing,Insufficient medication supply (f2_insufficient_supply),C5 – Expected learner difficulty,,,,,,,
VAL-811,Error-bearing,Insufficient medication supply (f2_insufficient_supply),Overall recommendation,,,,,,,
VAL-812,Error-bearing,Follow-up missing for an unresolved treatment decision (f2_pending_decision_followup_missing),C1 – Presentation and demographics,,,,,,,
VAL-812,Error-bearing,Follow-up missing for an unresolved treatment decision (f2_pending_decision_followup_missing),C1 – Fit between presentation and diagnosis,,,,,,,
VAL-812,Error-bearing,Follow-up missing for an unresolved treatment decision (f2_pending_decision_followup_missing),C1 – Vital signs,,,,,,,
VAL-812,Error-bearing,Follow-up missing for an unresolved treatment decision (f2_pending_decision_followup_missing),C1 – Laboratory findings,,,,,,,
VAL-812,Error-bearing,Follow-up missing for an unresolved treatment decision (f2_pending_decision_followup_missing),C1 – Medication regimen,,,,,,,
VAL-812,Error-bearing,Follow-up missing for an unresolved treatment decision (f2_pending_decision_followup_missing),C1 – Hospital course,,,,,,,
VAL-812,Error-bearing,Follow-up missing for an unresolved treatment decision (f2_pending_decision_followup_missing),C1 – Consistency across the chart,,,,,,,
VAL-812,Error-bearing,Follow-up missing for an unresolved treatment decision (f2_pending_decision_followup_missing),C1 – Discharge plan and follow-up,,,,,,,
VAL-812,Error-bearing,Follow-up missing for an unresolved treatment decision (f2_pending_decision_followup_missing),C1 – Overall plausibility,,,,,,,
VAL-812,Error-bearing,Follow-up missing for an unresolved treatment decision (f2_pending_decision_followup_missing),C2 – Intended assessment problem,,,,,,,
VAL-812,Error-bearing,Follow-up missing for an unresolved treatment decision (f2_pending_decision_followup_missing),C3 – Detectability,,,,,,,
VAL-812,Error-bearing,Follow-up missing for an unresolved treatment decision (f2_pending_decision_followup_missing),C4 – No unintended competing problems,,,,,,,
VAL-812,Error-bearing,Follow-up missing for an unresolved treatment decision (f2_pending_decision_followup_missing),C5 – Expected learner difficulty,,,,,,,
VAL-812,Error-bearing,Follow-up missing for an unresolved treatment decision (f2_pending_decision_followup_missing),Overall recommendation,,,,,,,
VAL-813,Clean control,None,C1 – Presentation and demographics,2,1,No,1,,,
VAL-813,Clean control,None,C1 – Fit between presentation and diagnosis,2,1,No,1,,,
VAL-813,Clean control,None,C1 – Vital signs,2,3,No,1,,,
VAL-813,Clean control,None,C1 – Laboratory findings,2,2,Yes,0,,,
VAL-813,Clean control,None,C1 – Medication regimen,1,4,No,3,,,
VAL-813,Clean control,None,C1 – Hospital course,2,2,Yes,0,,,
VAL-813,Clean control,None,C1 – Consistency across the chart,2,3,No,1,,,
VAL-813,Clean control,None,C1 – Discharge plan and follow-up,2,3,No,1,,,
VAL-813,Clean control,None,C1 – Overall plausibility,Fail,Fail,Yes,,"Patient is admitted for new diagnosis of CMV colitis, but was already on treatment for this (valganciclovir) prior to admission, which does not make sense. This medication would be started after diagnosis during the hospitalization. The medications are much too simplified for a post transplant patient. The labs are incomplete and the patient has a change in potassium with obvious cause or indication.","This case doesn’t make sense. The patient would not present with CMV colitis, that is something that would haved to be worked up and discovered (while also ruling out myriad other potential causes). The labs also don’t fit, if anything you’d expect to see an AKI and low potassium on presentation from fluid lossess and limited intake.",
VAL-813,Clean control,None,C2 – Intended assessment problem,Fail,,,,"Since the patient was on valganciclovir on admission, it would make you think that you need to change to an alternative regimen to appropriately treat the CMV",,
VAL-813,Clean control,None,C3 – Detectability,Fail,,,,"As above, it isn’t clear why the patient was already on valganciclovir",,
VAL-813,Clean control,None,C4 – No unintended competing problems,Fail,,,,Issue: Valganciclovir | Where: Admission medications | Why: Should not be an admission medication | This is an error in the case that would be confusing,,
VAL-813,Clean control,None,C5 – Expected learner difficulty,Inappropriate / outlier,,,,,,
VAL-813,Clean control,None,Overall recommendation,Exclude,,,,,,
VAL-814,Error-bearing,Held medication without a restart plan (f2_held_med_no_restart_plan),C1 – Presentation and demographics,,,,,,,
VAL-814,Error-bearing,Held medication without a restart plan (f2_held_med_no_restart_plan),C1 – Fit between presentation and diagnosis,,,,,,,
VAL-814,Error-bearing,Held medication without a restart plan (f2_held_med_no_restart_plan),C1 – Vital signs,,,,,,,
VAL-814,Error-bearing,Held medication without a restart plan (f2_held_med_no_restart_plan),C1 – Laboratory findings,,,,,,,
VAL-814,Error-bearing,Held medication without a restart plan (f2_held_med_no_restart_plan),C1 – Medication regimen,,,,,,,
VAL-814,Error-bearing,Held medication without a restart plan (f2_held_med_no_restart_plan),C1 – Hospital course,,,,,,,
VAL-814,Error-bearing,Held medication without a restart plan (f2_held_med_no_restart_plan),C1 – Consistency across the chart,,,,,,,
VAL-814,Error-bearing,Held medication without a restart plan (f2_held_med_no_restart_plan),C1 – Discharge plan and follow-up,,,,,,,
VAL-814,Error-bearing,Held medication without a restart plan (f2_held_med_no_restart_plan),C1 – Overall plausibility,,,,,,,
VAL-814,Error-bearing,Held medication without a restart plan (f2_held_med_no_restart_plan),C2 – Intended assessment problem,,,,,,,
VAL-814,Error-bearing,Held medication without a restart plan (f2_held_med_no_restart_plan),C3 – Detectability,,,,,,,
VAL-814,Error-bearing,Held medication without a restart plan (f2_held_med_no_restart_plan),C4 – No unintended competing problems,,,,,,,
VAL-814,Error-bearing,Held medication without a restart plan (f2_held_med_no_restart_plan),C5 – Expected learner difficulty,,,,,,,
VAL-814,Error-bearing,Held medication without a restart plan (f2_held_med_no_restart_plan),Overall recommendation,,,,,,,
VAL-815,Error-bearing,Unexplained dose discrepancy (f1_dose_mismatch),C1 – Presentation and demographics,,,,,,,
VAL-815,Error-bearing,Unexplained dose discrepancy (f1_dose_mismatch),C1 – Fit between presentation and diagnosis,,,,,,,
VAL-815,Error-bearing,Unexplained dose discrepancy (f1_dose_mismatch),C1 – Vital signs,,,,,,,
VAL-815,Error-bearing,Unexplained dose discrepancy (f1_dose_mismatch),C1 – Laboratory findings,,,,,,,
VAL-815,Error-bearing,Unexplained dose discrepancy (f1_dose_mismatch),C1 – Medication regimen,,,,,,,
VAL-815,Error-bearing,Unexplained dose discrepancy (f1_dose_mismatch),C1 – Hospital course,,,,,,,
VAL-815,Error-bearing,Unexplained dose discrepancy (f1_dose_mismatch),C1 – Consistency across the chart,,,,,,,
VAL-815,Error-bearing,Unexplained dose discrepancy (f1_dose_mismatch),C1 – Discharge plan and follow-up,,,,,,,
VAL-815,Error-bearing,Unexplained dose discrepancy (f1_dose_mismatch),C1 – Overall plausibility,,,,,,,
VAL-815,Error-bearing,Unexplained dose discrepancy (f1_dose_mismatch),C2 – Intended assessment problem,,,,,,,
VAL-815,Error-bearing,Unexplained dose discrepancy (f1_dose_mismatch),C3 – Detectability,,,,,,,
VAL-815,Error-bearing,Unexplained dose discrepancy (f1_dose_mismatch),C4 – No unintended competing problems,,,,,,,
VAL-815,Error-bearing,Unexplained dose discrepancy (f1_dose_mismatch),C5 – Expected learner difficulty,,,,,,,
VAL-815,Error-bearing,Unexplained dose discrepancy (f1_dose_mismatch),Overall recommendation,,,,,,,
VAL-816,Error-bearing,Follow-up missing for an unresolved treatment decision (f2_pending_decision_followup_missing),C1 – Presentation and demographics,,,,,,,
VAL-816,Error-bearing,Follow-up missing for an unresolved treatment decision (f2_pending_decision_followup_missing),C1 – Fit between presentation and diagnosis,,,,,,,
VAL-816,Error-bearing,Follow-up missing for an unresolved treatment decision (f2_pending_decision_followup_missing),C1 – Vital signs,,,,,,,
VAL-816,Error-bearing,Follow-up missing for an unresolved treatment decision (f2_pending_decision_followup_missing),C1 – Laboratory findings,,,,,,,
VAL-816,Error-bearing,Follow-up missing for an unresolved treatment decision (f2_pending_decision_followup_missing),C1 – Medication regimen,,,,,,,
VAL-816,Error-bearing,Follow-up missing for an unresolved treatment decision (f2_pending_decision_followup_missing),C1 – Hospital course,,,,,,,
VAL-816,Error-bearing,Follow-up missing for an unresolved treatment decision (f2_pending_decision_followup_missing),C1 – Consistency across the chart,,,,,,,
VAL-816,Error-bearing,Follow-up missing for an unresolved treatment decision (f2_pending_decision_followup_missing),C1 – Discharge plan and follow-up,,,,,,,
VAL-816,Error-bearing,Follow-up missing for an unresolved treatment decision (f2_pending_decision_followup_missing),C1 – Overall plausibility,,,,,,,
VAL-816,Error-bearing,Follow-up missing for an unresolved treatment decision (f2_pending_decision_followup_missing),C2 – Intended assessment problem,,,,,,,
VAL-816,Error-bearing,Follow-up missing for an unresolved treatment decision (f2_pending_decision_followup_missing),C3 – Detectability,,,,,,,
VAL-816,Error-bearing,Follow-up missing for an unresolved treatment decision (f2_pending_decision_followup_missing),C4 – No unintended competing problems,,,,,,,
VAL-816,Error-bearing,Follow-up missing for an unresolved treatment decision (f2_pending_decision_followup_missing),C5 – Expected learner difficulty,,,,,,,
VAL-816,Error-bearing,Follow-up missing for an unresolved treatment decision (f2_pending_decision_followup_missing),Overall recommendation,,,,,,,
VAL-817,Error-bearing,Required outpatient monitoring not arranged (f2_monitoring_not_arranged),C1 – Presentation and demographics,,,,,,,
VAL-817,Error-bearing,Required outpatient monitoring not arranged (f2_monitoring_not_arranged),C1 – Fit between presentation and diagnosis,,,,,,,
VAL-817,Error-bearing,Required outpatient monitoring not arranged (f2_monitoring_not_arranged),C1 – Vital signs,,,,,,,
VAL-817,Error-bearing,Required outpatient monitoring not arranged (f2_monitoring_not_arranged),C1 – Laboratory findings,,,,,,,
VAL-817,Error-bearing,Required outpatient monitoring not arranged (f2_monitoring_not_arranged),C1 – Medication regimen,,,,,,,
VAL-817,Error-bearing,Required outpatient monitoring not arranged (f2_monitoring_not_arranged),C1 – Hospital course,,,,,,,
VAL-817,Error-bearing,Required outpatient monitoring not arranged (f2_monitoring_not_arranged),C1 – Consistency across the chart,,,,,,,
VAL-817,Error-bearing,Required outpatient monitoring not arranged (f2_monitoring_not_arranged),C1 – Discharge plan and follow-up,,,,,,,
VAL-817,Error-bearing,Required outpatient monitoring not arranged (f2_monitoring_not_arranged),C1 – Overall plausibility,,,,,,,
VAL-817,Error-bearing,Required outpatient monitoring not arranged (f2_monitoring_not_arranged),C2 – Intended assessment problem,,,,,,,
VAL-817,Error-bearing,Required outpatient monitoring not arranged (f2_monitoring_not_arranged),C3 – Detectability,,,,,,,
VAL-817,Error-bearing,Required outpatient monitoring not arranged (f2_monitoring_not_arranged),C4 – No unintended competing problems,,,,,,,
VAL-817,Error-bearing,Required outpatient monitoring not arranged (f2_monitoring_not_arranged),C5 – Expected learner difficulty,,,,,,,
VAL-817,Error-bearing,Required outpatient monitoring not arranged (f2_monitoring_not_arranged),Overall recommendation,,,,,,,
VAL-818,Error-bearing,Medication omitted at discharge (f1_omission),C1 – Presentation and demographics,,,,,,,
VAL-818,Error-bearing,Medication omitted at discharge (f1_omission),C1 – Fit between presentation and diagnosis,,,,,,,
VAL-818,Error-bearing,Medication omitted at discharge (f1_omission),C1 – Vital signs,,,,,,,
VAL-818,Error-bearing,Medication omitted at discharge (f1_omission),C1 – Laboratory findings,,,,,,,
VAL-818,Error-bearing,Medication omitted at discharge (f1_omission),C1 – Medication regimen,,,,,,,
VAL-818,Error-bearing,Medication omitted at discharge (f1_omission),C1 – Hospital course,,,,,,,
VAL-818,Error-bearing,Medication omitted at discharge (f1_omission),C1 – Consistency across the chart,,,,,,,
VAL-818,Error-bearing,Medication omitted at discharge (f1_omission),C1 – Discharge plan and follow-up,,,,,,,
VAL-818,Error-bearing,Medication omitted at discharge (f1_omission),C1 – Overall plausibility,,,,,,,
VAL-818,Error-bearing,Medication omitted at discharge (f1_omission),C2 – Intended assessment problem,,,,,,,
VAL-818,Error-bearing,Medication omitted at discharge (f1_omission),C3 – Detectability,,,,,,,
VAL-818,Error-bearing,Medication omitted at discharge (f1_omission),C4 – No unintended competing problems,,,,,,,
VAL-818,Error-bearing,Medication omitted at discharge (f1_omission),C5 – Expected learner difficulty,,,,,,,
VAL-818,Error-bearing,Medication omitted at discharge (f1_omission),Overall recommendation,,,,,,,
VAL-819,Error-bearing,Insufficient medication supply (f2_insufficient_supply),C1 – Presentation and demographics,,,,,,,
VAL-819,Error-bearing,Insufficient medication supply (f2_insufficient_supply),C1 – Fit between presentation and diagnosis,,,,,,,
VAL-819,Error-bearing,Insufficient medication supply (f2_insufficient_supply),C1 – Vital signs,,,,,,,
VAL-819,Error-bearing,Insufficient medication supply (f2_insufficient_supply),C1 – Laboratory findings,,,,,,,
VAL-819,Error-bearing,Insufficient medication supply (f2_insufficient_supply),C1 – Medication regimen,,,,,,,
VAL-819,Error-bearing,Insufficient medication supply (f2_insufficient_supply),C1 – Hospital course,,,,,,,
VAL-819,Error-bearing,Insufficient medication supply (f2_insufficient_supply),C1 – Consistency across the chart,,,,,,,
VAL-819,Error-bearing,Insufficient medication supply (f2_insufficient_supply),C1 – Discharge plan and follow-up,,,,,,,
VAL-819,Error-bearing,Insufficient medication supply (f2_insufficient_supply),C1 – Overall plausibility,,,,,,,
VAL-819,Error-bearing,Insufficient medication supply (f2_insufficient_supply),C2 – Intended assessment problem,,,,,,,
VAL-819,Error-bearing,Insufficient medication supply (f2_insufficient_supply),C3 – Detectability,,,,,,,
VAL-819,Error-bearing,Insufficient medication supply (f2_insufficient_supply),C4 – No unintended competing problems,,,,,,,
VAL-819,Error-bearing,Insufficient medication supply (f2_insufficient_supply),C5 – Expected learner difficulty,,,,,,,
VAL-819,Error-bearing,Insufficient medication supply (f2_insufficient_supply),Overall recommendation,,,,,,,
VAL-820,Error-bearing,Hospital-only medication continued after discharge (f2_hospital_only_continued),C1 – Presentation and demographics,,,,,,,
VAL-820,Error-bearing,Hospital-only medication continued after discharge (f2_hospital_only_continued),C1 – Fit between presentation and diagnosis,,,,,,,
VAL-820,Error-bearing,Hospital-only medication continued after discharge (f2_hospital_only_continued),C1 – Vital signs,,,,,,,
VAL-820,Error-bearing,Hospital-only medication continued after discharge (f2_hospital_only_continued),C1 – Laboratory findings,,,,,,,
VAL-820,Error-bearing,Hospital-only medication continued after discharge (f2_hospital_only_continued),C1 – Medication regimen,,,,,,,
VAL-820,Error-bearing,Hospital-only medication continued after discharge (f2_hospital_only_continued),C1 – Hospital course,,,,,,,
VAL-820,Error-bearing,Hospital-only medication continued after discharge (f2_hospital_only_continued),C1 – Consistency across the chart,,,,,,,
VAL-820,Error-bearing,Hospital-only medication continued after discharge (f2_hospital_only_continued),C1 – Discharge plan and follow-up,,,,,,,
VAL-820,Error-bearing,Hospital-only medication continued after discharge (f2_hospital_only_continued),C1 – Overall plausibility,,,,,,,
VAL-820,Error-bearing,Hospital-only medication continued after discharge (f2_hospital_only_continued),C2 – Intended assessment problem,,,,,,,
VAL-820,Error-bearing,Hospital-only medication continued after discharge (f2_hospital_only_continued),C3 – Detectability,,,,,,,
VAL-820,Error-bearing,Hospital-only medication continued after discharge (f2_hospital_only_continued),C4 – No unintended competing problems,,,,,,,
VAL-820,Error-bearing,Hospital-only medication continued after discharge (f2_hospital_only_continued),C5 – Expected learner difficulty,,,,,,,
VAL-820,Error-bearing,Hospital-only medication continued after discharge (f2_hospital_only_continued),Overall recommendation,,,,,,,
VAL-821,Error-bearing,Held medication without a restart plan (f2_held_med_no_restart_plan),C1 – Presentation and demographics,,,,,,,
VAL-821,Error-bearing,Held medication without a restart plan (f2_held_med_no_restart_plan),C1 – Fit between presentation and diagnosis,,,,,,,
VAL-821,Error-bearing,Held medication without a restart plan (f2_held_med_no_restart_plan),C1 – Vital signs,,,,,,,
VAL-821,Error-bearing,Held medication without a restart plan (f2_held_med_no_restart_plan),C1 – Laboratory findings,,,,,,,
VAL-821,Error-bearing,Held medication without a restart plan (f2_held_med_no_restart_plan),C1 – Medication regimen,,,,,,,
VAL-821,Error-bearing,Held medication without a restart plan (f2_held_med_no_restart_plan),C1 – Hospital course,,,,,,,
VAL-821,Error-bearing,Held medication without a restart plan (f2_held_med_no_restart_plan),C1 – Consistency across the chart,,,,,,,
VAL-821,Error-bearing,Held medication without a restart plan (f2_held_med_no_restart_plan),C1 – Discharge plan and follow-up,,,,,,,
VAL-821,Error-bearing,Held medication without a restart plan (f2_held_med_no_restart_plan),C1 – Overall plausibility,,,,,,,
VAL-821,Error-bearing,Held medication without a restart plan (f2_held_med_no_restart_plan),C2 – Intended assessment problem,,,,,,,
VAL-821,Error-bearing,Held medication without a restart plan (f2_held_med_no_restart_plan),C3 – Detectability,,,,,,,
VAL-821,Error-bearing,Held medication without a restart plan (f2_held_med_no_restart_plan),C4 – No unintended competing problems,,,,,,,
VAL-821,Error-bearing,Held medication without a restart plan (f2_held_med_no_restart_plan),C5 – Expected learner difficulty,,,,,,,
VAL-821,Error-bearing,Held medication without a restart plan (f2_held_med_no_restart_plan),Overall recommendation,,,,,,,
VAL-822,Error-bearing,Hospital-only medication continued after discharge (f2_hospital_only_continued),C1 – Presentation and demographics,,,,,,,
VAL-822,Error-bearing,Hospital-only medication continued after discharge (f2_hospital_only_continued),C1 – Fit between presentation and diagnosis,,,,,,,
VAL-822,Error-bearing,Hospital-only medication continued after discharge (f2_hospital_only_continued),C1 – Vital signs,,,,,,,
VAL-822,Error-bearing,Hospital-only medication continued after discharge (f2_hospital_only_continued),C1 – Laboratory findings,,,,,,,
VAL-822,Error-bearing,Hospital-only medication continued after discharge (f2_hospital_only_continued),C1 – Medication regimen,,,,,,,
VAL-822,Error-bearing,Hospital-only medication continued after discharge (f2_hospital_only_continued),C1 – Hospital course,,,,,,,
VAL-822,Error-bearing,Hospital-only medication continued after discharge (f2_hospital_only_continued),C1 – Consistency across the chart,,,,,,,
VAL-822,Error-bearing,Hospital-only medication continued after discharge (f2_hospital_only_continued),C1 – Discharge plan and follow-up,,,,,,,
VAL-822,Error-bearing,Hospital-only medication continued after discharge (f2_hospital_only_continued),C1 – Overall plausibility,,,,,,,
VAL-822,Error-bearing,Hospital-only medication continued after discharge (f2_hospital_only_continued),C2 – Intended assessment problem,,,,,,,
VAL-822,Error-bearing,Hospital-only medication continued after discharge (f2_hospital_only_continued),C3 – Detectability,,,,,,,
VAL-822,Error-bearing,Hospital-only medication continued after discharge (f2_hospital_only_continued),C4 – No unintended competing problems,,,,,,,
VAL-822,Error-bearing,Hospital-only medication continued after discharge (f2_hospital_only_continued),C5 – Expected learner difficulty,,,,,,,
VAL-822,Error-bearing,Hospital-only medication continued after discharge (f2_hospital_only_continued),Overall recommendation,,,,,,,
VAL-823,Error-bearing,Follow-up missing for an unresolved treatment decision (f2_pending_decision_followup_missing),C1 – Presentation and demographics,,,,,,,
VAL-823,Error-bearing,Follow-up missing for an unresolved treatment decision (f2_pending_decision_followup_missing),C1 – Fit between presentation and diagnosis,,,,,,,
VAL-823,Error-bearing,Follow-up missing for an unresolved treatment decision (f2_pending_decision_followup_missing),C1 – Vital signs,,,,,,,
VAL-823,Error-bearing,Follow-up missing for an unresolved treatment decision (f2_pending_decision_followup_missing),C1 – Laboratory findings,,,,,,,
VAL-823,Error-bearing,Follow-up missing for an unresolved treatment decision (f2_pending_decision_followup_missing),C1 – Medication regimen,,,,,,,
VAL-823,Error-bearing,Follow-up missing for an unresolved treatment decision (f2_pending_decision_followup_missing),C1 – Hospital course,,,,,,,
VAL-823,Error-bearing,Follow-up missing for an unresolved treatment decision (f2_pending_decision_followup_missing),C1 – Consistency across the chart,,,,,,,
VAL-823,Error-bearing,Follow-up missing for an unresolved treatment decision (f2_pending_decision_followup_missing),C1 – Discharge plan and follow-up,,,,,,,
VAL-823,Error-bearing,Follow-up missing for an unresolved treatment decision (f2_pending_decision_followup_missing),C1 – Overall plausibility,,,,,,,
VAL-823,Error-bearing,Follow-up missing for an unresolved treatment decision (f2_pending_decision_followup_missing),C2 – Intended assessment problem,,,,,,,
VAL-823,Error-bearing,Follow-up missing for an unresolved treatment decision (f2_pending_decision_followup_missing),C3 – Detectability,,,,,,,
VAL-823,Error-bearing,Follow-up missing for an unresolved treatment decision (f2_pending_decision_followup_missing),C4 – No unintended competing problems,,,,,,,
VAL-823,Error-bearing,Follow-up missing for an unresolved treatment decision (f2_pending_decision_followup_missing),C5 – Expected learner difficulty,,,,,,,
VAL-823,Error-bearing,Follow-up missing for an unresolved treatment decision (f2_pending_decision_followup_missing),Overall recommendation,,,,,,,
VAL-824,Error-bearing,Medication inappropriately added or continued (f1_commission),C1 – Presentation and demographics,,,,,,,
VAL-824,Error-bearing,Medication inappropriately added or continued (f1_commission),C1 – Fit between presentation and diagnosis,,,,,,,
VAL-824,Error-bearing,Medication inappropriately added or continued (f1_commission),C1 – Vital signs,,,,,,,
VAL-824,Error-bearing,Medication inappropriately added or continued (f1_commission),C1 – Laboratory findings,,,,,,,
VAL-824,Error-bearing,Medication inappropriately added or continued (f1_commission),C1 – Medication regimen,,,,,,,
VAL-824,Error-bearing,Medication inappropriately added or continued (f1_commission),C1 – Hospital course,,,,,,,
VAL-824,Error-bearing,Medication inappropriately added or continued (f1_commission),C1 – Consistency across the chart,,,,,,,
VAL-824,Error-bearing,Medication inappropriately added or continued (f1_commission),C1 – Discharge plan and follow-up,,,,,,,
VAL-824,Error-bearing,Medication inappropriately added or continued (f1_commission),C1 – Overall plausibility,,,,,,,
VAL-824,Error-bearing,Medication inappropriately added or continued (f1_commission),C2 – Intended assessment problem,,,,,,,
VAL-824,Error-bearing,Medication inappropriately added or continued (f1_commission),C3 – Detectability,,,,,,,
VAL-824,Error-bearing,Medication inappropriately added or continued (f1_commission),C4 – No unintended competing problems,,,,,,,
VAL-824,Error-bearing,Medication inappropriately added or continued (f1_commission),C5 – Expected learner difficulty,,,,,,,
VAL-824,Error-bearing,Medication inappropriately added or continued (f1_commission),Overall recommendation,,,,,,,
