case_id,reviewer_1_reviewed,reviewer_2_reviewed,reviewer_1_C1,reviewer_1_comments,reviewer_1_overall,reviewer_2_C1,reviewer_2_comments,reviewer_2_overall,overlap_status,shared_concerns,reviewer_1_only_concerns,reviewer_2_only_concerns,revision_candidate,reviewer_1_C1_domains,reviewer_2_C1_domains,reviewer_1_C2,reviewer_1_C3,reviewer_1_C4,reviewer_1_C5,reviewer_1_C4_issue,reviewer_1_overall_comments,form_flags
VAL-801,yes,yes,Fail,"This case is lacking clinical complexity. The patient presents with delirium, but the cause is not revealed during the hospital course, we just learn that the delirium improves with treatment. There are no further details on why the patient was delirious or why he improved. It is also not clear why the ibuprofen was stopped. I would add that he is discovered to have an infection or GI bleed or something that would explain this better.",Revise,Fail,"Overall the premise of the case doesn’t really make sense – baseline delirium doesn’t exist as it is, by definitition, a change from baseline. I think we are getting at a history of dementia with acute onset delirium but it might make more sense if there was a reason for the decompensation like a UTI or something simple.",,BOTH_REVIEWED,Both reviewers found the delirium story clinically insufficient.,"The cause of delirium is not shown, and the ibuprofen stop is unexplained. Overall recommendation: revise.","Delirium must be a change from baseline, and the precipitant should be interpretable. C2-C5 and overall recommendation are blank.",SECOND_REVISION_CANDIDATE,2/2/3/3/3/2/3/4,2/1/4/3/4/1/1/2,Fail,Pass;Fail,Fail,Inappropriate / outlier,Ibuprofen stopped on admission,"This case could be usable if there was more complexity to the clinical case, i.e infection discovered and treated. Delirium due to known physiologic condition and then not elaborating on the physiologic condition doesn’t make sense. Medication list should be clearer.",Reviewer 1 C3: both Pass and Fail ticked
VAL-802,yes,no,Fail,"Several issues with this – delirium cause is not revealed (delirium due to known physiologic condition doesn’t make sense), it doesn’t appear that anything happened in the hospital course, creatinine was the only lab value and changed slightly, but it was not clear what the baseline creatinine was, lots of mention of the statin and it said that she was taking the statin, but this was not continued at discharge for no obvious reason",Exclude,,,,REVIEWER_1_ONLY,,"Delirium cause is not shown, baseline creatinine is missing, and the statin plan is unclear. Overall recommendation: exclude. C2 was Fail (the planted atorvastatin omission was not recognized as the intended problem). C3 was Fail. C4 named lisinopril continued despite elevated creatinine as a competing problem.",,REVIEWER_1_PLUS_FRAMEWORK,2/1/3/2/2/1/2/2,,Fail,Fail,Fail,Inappropriate / outlier,Creatinine elevated but patient continued on lisinopril,"Would exclude, this case would need major revisions to be compatible with the goals of this project",
VAL-803,yes,no,Fail,"Several issues – delirium diagnosis is unclear (delirium due to known physiologic condition), cause is not revealed during the hospital course. Medication list is fine but no changes that need to be made at discharge. Her creatinine changes so this might be considered clinically relevant or why the patient receives only 7 days of lisinopril.",,,,,REVIEWER_1_ONLY,,"C1 is Fail. Later ratings and the overall recommendation are blank. The delirium story and the lisinopril supply were questioned. The comment on only 7 days of lisinopril coincides with the planted category (Insufficient medication supply, f2_insufficient_supply).",,REVIEWER_1_PLUS_FRAMEWORK,2/1/3/3/3/1/2/3,,,,,,,,
VAL-804,no,no,,,,,,,NEITHER,,,,,,,,,,,,,
VAL-805,yes,yes,Fail,"Clinical presentation was mostly clear and understandable. The vitals and lab trends make sense. The weight should be closer to dry weight at the time of discharge. The medications during hospitalization would not be the same as the home regimen - the lasix would be given IV and increased. Additionally, it would be more realistic to have several days of input and output data, as well as data on what medications the patient received during the hospitalization. It would be helpful to have either notes from cardiology or echocardiogram data and require the trainee to add additional medications to the patient’s regimen or adjust their dose of lasix.",Revise,Pass,"This case makes sense at face value but doesn’t really seem complete clinically. It does not discuss the investigation into reasons for decompensation (missed meds, new arrythmia, ischemia, etc.) Overall it needs more clinical detail before it could be effective.",,BOTH_REVIEWED,Both reviewers found the heart-failure hospitalization clinically incomplete.,"The inpatient diuretic course matches the home dose, discharge weight is not at dry weight, and additional heart-failure therapy is not set up as a decision. Overall recommendation: revise. The heart-failure-therapy point comes from the overall comments field (GDMT: ACE/ARB, SGLT2i, MRA), not the C1 comment.",The chart does not investigate why heart failure decompensated. C1 is Pass. C2-C5 and overall recommendation are blank.,SECOND_REVISION_CANDIDATE,3/3/3/3/2;3/2/3/3,3/2/3/4/4/3/4/3,Pass,Fail,Pass,Moderate,,"We need to add further details to the hospital course so there is a greater understanding of what diuresis the patient was receiving during the hospitalization (should not be the same as the patient’s home regimen). The trainee should have to make decisions on additional medications that should be added to the patient’s regimen – i.e. other GDMT such as ACE/ARB, SGLT2i, MRA",Reviewer 1 C1 Medication regimen: both 2 and 3 ticked; Reviewer 2 C1 marked Pass although Fit between presentation and diagnosis = 2 (form rule: any domain 1–2 → Fail)
VAL-806,no,no,,,,,,,NEITHER,,,,,,,,,,,,,
VAL-807,no,no,,,,,,,NEITHER,,,,,,,,,,,,,
VAL-808,no,no,,,,,,,NEITHER,,,,,,,,,,,,,
VAL-809,yes,yes,Fail,"Presentation – requires more details, should present with fevers, have a history of mechanical valve or poor dentition that would predispose to endocarditis
Labs/meds – AKI was unexplained and lisinopril was continued despite AKI",Revise,Fail,"Similar issue, the case makes sense objectively but is lacking in any clinical detail that would influence decision making. Notable things are workup for source of the infection, lab changes, imaging to evaluate, consideration of need for surgical intervention, etc.",,BOTH_REVIEWED,Both reviewers found the endocarditis case too thin for meaningful clinical reasoning.,"Asked for fever and a predisposition such as a mechanical valve or poor dentition, and questioned continuing lisinopril with the AKI. Overall recommendation: revise.","Asked for source evaluation, laboratory changes, imaging, and consideration of surgery. C1 is Fail. Later ratings are blank.",SECOND_REVISION_CANDIDATE,2/2/3/2/2/2/2/3,2/2/3/3/3/3/3/3,Fail,Pass,Fail,Inappropriate / outlier,Lisinopril - AKI,"Revise clinical scenario to add more details. Would have fevers/chills/predisposition to endocarditis. Lisinopril should be held if the patient has an AKI. Patient of this age would be very likely to have more than 2 home medications, would like to have more detail and complexity overall to this case.",
VAL-810,no,no,,,,,,,NEITHER,,,,,,,,,,,,,
VAL-811,no,no,,,,,,,NEITHER,,,,,,,,,,,,,
VAL-812,no,no,,,,,,,NEITHER,,,,,,,,,,,,,
VAL-813,yes,yes,Fail,"Patient is admitted for new diagnosis of CMV colitis, but was already on treatment for this (valganciclovir) prior to admission, which does not make sense. This medication would be started after diagnosis during the hospitalization. The medications are much too simplified for a post transplant patient. The labs are incomplete and the patient has a change in potassium with obvious cause or indication.",Exclude,Fail,"This case doesn’t make sense. The patient would not present with CMV colitis, that is something that would haved to be worked up and discovered (while also ruling out myriad other potential causes). The labs also don’t fit, if anything you’d expect to see an AKI and low potassium on presentation from fluid lossess and limited intake.",,BOTH_REVIEWED,Both reviewers found the cytomegalovirus presentation clinically incoherent.,"Valganciclovir was already a home medicine, the transplant regimen is too thin, and the recorded comment says ""change in potassium with obvious cause or indication"" (""unexplained"" is an interpretation; the recorded wording likely intended ""without""). Overall recommendation: exclude.","The patient should not present already labeled with CMV colitis; symptoms should lead to the work-up, and volume-loss effects on kidney function and potassium should be considered. C1 is Fail. Later ratings are blank.",SECOND_REVISION_CANDIDATE,2/2/2/2/1/2/2/2,1/1/3/2/4/2/3/3,Fail,Fail,Fail,Inappropriate / outlier,Valganciclovir,,
VAL-814,no,no,,,,,,,NEITHER,,,,,,,,,,,,,
VAL-815,no,no,,,,,,,NEITHER,,,,,,,,,,,,,
VAL-816,no,no,,,,,,,NEITHER,,,,,,,,,,,,,
VAL-817,no,no,,,,,,,NEITHER,,,,,,,,,,,,,
VAL-818,no,no,,,,,,,NEITHER,,,,,,,,,,,,,
VAL-819,no,no,,,,,,,NEITHER,,,,,,,,,,,,,
VAL-820,no,no,,,,,,,NEITHER,,,,,,,,,,,,,
VAL-821,no,no,,,,,,,NEITHER,,,,,,,,,,,,,
VAL-822,no,no,,,,,,,NEITHER,,,,,,,,,,,,,
VAL-823,no,no,,,,,,,NEITHER,,,,,,,,,,,,,
VAL-824,no,no,,,,,,,NEITHER,,,,,,,,,,,,,
