scenario,variant_id,synthea_patient_id,status,reason
TRANSPLANT_CMV,colitis_biopsy,1d9427d1-dd59-3e23-541f-4faebc086080,rejected,copied_or_failed
matched,delirium_uti,035db839-25b9-cb92-8853-12152fc6b257,final,
matched,delirium_dehydration,18832c2e-a0aa-1d02-fc37-49c2d4e7aa0b,final,
matched,hyponatremia_hctz,1a3d2701-3ca4-7e38-8a63-0cf5c699c025,final,
matched,delirium_pneumonia,1328b903-9f5a-c9a8-1551-67f9e7bfafaa,final,
matched,nonadherence_cost,023d2efe-5482-ee13-418f-729c0823db68,final,
matched,dietary_sodium_missed_diuretic,0606a5e1-08dc-256b-6bc5-004976a020fd,final,
matched,new_atrial_fibrillation,0681a09e-d787-e776-5c30-a0bc513d6e2b,final,
matched,hypertensive_surge,0760c2c8-9075-9bac-a02e-eee42daa05a8,final,
matched,dental_mitral,0041e9d6-876a-25b9-d55d-96876882622a,final,
matched,no_source_aortic,005ab9f4-f4a9-f427-a0f3-f5361884f027,final,
matched,bicuspid_predisposition,009da3a5-12f3-c376-bfa7-7a6382d1efe6,final,
matched,opat_home_infusion,00fe5d74-5117-5068-0098-68e4f375860c,final,
matched,cdiff_excluded,1d9427d1-dd59-3e23-541f-4faebc086080,final,
matched,volume_loss,26cf4094-10af-ceb6-4d99-fd3fc0636dd7,final,
matched,prophylaxis_breakthrough,3f576c7c-8862-f6de-cc8e-b8afd92b57cd,final,
matched,transplant_clinic_followup,5a136bcd-f7ad-0dc4-d333-2491a59983f2,final,
matched,snf_after_orif,1566480f-fe02-0763-0594-aa62d1863987,final,
matched,delayed_mobilization_snf,1bd04148-6f83-32c1-6552-0d3020a582b6,final,
matched,af_early_hemostasis,3a42e936-96d8-9e37-21f8-da2288f10166,final,
matched,inr_delay_home,3d95578d-e9fe-1577-4a97-b6f321cc57b8,final,
matched,duodenal_ulcer_restart,08191fcd-7f29-41a2-efee-912506bd1658,final,
matched,esophagitis,24381411-6009-47df-d0e6-68306ff4f627,final,
matched,diverticular_hold,4d508c0d-ddaa-cb00-4d5c-f3b889b6f712,final,
matched,defer_restart,5898d0d5-39e8-85d2-5228-b8d576aaec8d,final,
