generation1_case_id,generation2_case_id,same_scenario_family,same_broad_reasoning_target,similar_medication_decision_complexity,similar_monitoring_complexity,similar_approximate_difficulty,g2_independently_generated,patient_specific_facts_copied_from_g1,hidden_reference_copied_from_g1,round1_failure_mode_prevented,clinically_sufficient,core_pass,attempts
VAL-801,G2-001,YES,YES,YES,YES,YES,YES,NO,NO,YES,YES,YES,4
VAL-802,G2-002,YES,YES,YES,YES,YES,YES,NO,NO,YES,YES,YES,4
VAL-803,G2-003,YES,YES,YES,YES,YES,YES,NO,NO,YES,YES,YES,4
VAL-804,G2-004,YES,YES,YES,YES,YES,YES,NO,NO,YES,YES,YES,4
VAL-805,G2-005,YES,YES,YES,YES,YES,YES,NO,NO,YES,YES,YES,4
VAL-806,G2-006,YES,YES,YES,YES,YES,YES,NO,NO,YES,YES,YES,4
VAL-807,G2-007,YES,YES,YES,YES,YES,YES,NO,NO,YES,YES,YES,4
VAL-808,G2-008,YES,YES,YES,YES,YES,YES,NO,NO,YES,YES,YES,4
VAL-809,G2-009,YES,YES,YES,YES,YES,YES,NO,NO,YES,YES,YES,4
VAL-810,G2-010,YES,YES,YES,YES,YES,YES,NO,NO,YES,YES,YES,4
VAL-811,G2-011,YES,YES,YES,YES,YES,YES,NO,NO,YES,YES,YES,4
VAL-812,G2-012,YES,YES,YES,YES,YES,YES,NO,NO,YES,YES,YES,4
VAL-813,G2-013,YES,YES,YES,YES,YES,YES,NO,NO,YES,YES,YES,4
VAL-814,G2-014,YES,YES,YES,YES,YES,YES,NO,NO,YES,YES,YES,4
VAL-815,G2-015,YES,YES,YES,YES,YES,YES,NO,NO,YES,YES,YES,4
VAL-816,G2-016,YES,YES,YES,YES,YES,YES,NO,NO,YES,YES,YES,4
VAL-817,G2-017,YES,YES,YES,YES,YES,YES,NO,NO,YES,YES,YES,4
VAL-818,G2-018,YES,YES,YES,YES,YES,YES,NO,NO,YES,YES,YES,4
VAL-819,G2-019,YES,YES,YES,YES,YES,YES,NO,NO,YES,YES,YES,4
VAL-820,G2-020,YES,YES,YES,YES,YES,YES,NO,NO,YES,YES,YES,4
VAL-821,G2-021,YES,YES,YES,YES,YES,YES,NO,NO,YES,YES,YES,4
VAL-822,G2-022,YES,YES,YES,YES,YES,YES,NO,NO,YES,YES,YES,4
VAL-823,G2-023,YES,YES,YES,YES,YES,YES,NO,NO,YES,YES,YES,4
VAL-824,G2-024,YES,YES,YES,YES,YES,YES,NO,NO,YES,YES,YES,4
