generation1_case_id,scenario,variant_id,synthea_patient_id,score,audit_pass,status,selected
VAL-801,MED_HISTORY_UNCERTAINTY,delirium_uti,035db839-25b9-cb92-8853-12152fc6b257,68,True,candidate,True
VAL-801,MED_HISTORY_UNCERTAINTY,delirium_dehydration,035db839-25b9-cb92-8853-12152fc6b257,67,True,candidate,False
VAL-801,MED_HISTORY_UNCERTAINTY,nsaid_dyspepsia,035db839-25b9-cb92-8853-12152fc6b257,67,True,candidate,False
VAL-801,MED_HISTORY_UNCERTAINTY,lisinopril_hold_aki,035db839-25b9-cb92-8853-12152fc6b257,67,True,candidate,False
VAL-802,MED_HISTORY_UNCERTAINTY,delirium_uti,1328b903-9f5a-c9a8-1551-67f9e7bfafaa,68,True,candidate,False
VAL-802,MED_HISTORY_UNCERTAINTY,delirium_pneumonia,1328b903-9f5a-c9a8-1551-67f9e7bfafaa,77,True,candidate,False
VAL-802,MED_HISTORY_UNCERTAINTY,pharmacy_confirmation,1328b903-9f5a-c9a8-1551-67f9e7bfafaa,77,True,candidate,False
VAL-802,MED_HISTORY_UNCERTAINTY,delirium_dehydration,18832c2e-a0aa-1d02-fc37-49c2d4e7aa0b,77,True,candidate,True
VAL-803,MED_HISTORY_UNCERTAINTY,delirium_dehydration,1a3d2701-3ca4-7e38-8a63-0cf5c699c025,56,True,candidate,False
VAL-803,MED_HISTORY_UNCERTAINTY,hyponatremia_hctz,1a3d2701-3ca4-7e38-8a63-0cf5c699c025,65,True,candidate,True
VAL-803,MED_HISTORY_UNCERTAINTY,orthostasis_hctz,1a3d2701-3ca4-7e38-8a63-0cf5c699c025,65,True,candidate,False
VAL-803,MED_HISTORY_UNCERTAINTY,lisinopril_hold_aki,1a3d2701-3ca4-7e38-8a63-0cf5c699c025,65,True,candidate,False
VAL-804,MED_HISTORY_UNCERTAINTY,hyponatremia_hctz,33f45348-e0ae-5e62-9e8c-af3d602e357c,56,True,candidate,False
VAL-804,MED_HISTORY_UNCERTAINTY,pharmacy_confirmation,1328b903-9f5a-c9a8-1551-67f9e7bfafaa,65,True,candidate,False
VAL-804,MED_HISTORY_UNCERTAINTY,orthostasis_hctz,33f45348-e0ae-5e62-9e8c-af3d602e357c,65,True,candidate,False
VAL-804,MED_HISTORY_UNCERTAINTY,delirium_pneumonia,1328b903-9f5a-c9a8-1551-67f9e7bfafaa,65,True,candidate,True
VAL-805,HF_DECOMPENSATION,nonadherence_cost,023d2efe-5482-ee13-418f-729c0823db68,78,True,candidate,True
VAL-805,HF_DECOMPENSATION,dietary_sodium_missed_diuretic,023d2efe-5482-ee13-418f-729c0823db68,59,True,candidate,False
VAL-805,HF_DECOMPENSATION,no_clear_precipitant,023d2efe-5482-ee13-418f-729c0823db68,77,True,candidate,False
VAL-805,HF_DECOMPENSATION,ischemia_evaluated_negative,023d2efe-5482-ee13-418f-729c0823db68,77,True,candidate,False
VAL-806,HF_DECOMPENSATION,dietary_sodium_missed_diuretic,0606a5e1-08dc-256b-6bc5-004976a020fd,72,True,candidate,True
VAL-806,HF_DECOMPENSATION,recent_nsaid,0606a5e1-08dc-256b-6bc5-004976a020fd,59,True,candidate,False
VAL-806,HF_DECOMPENSATION,pulmonary_infection,0606a5e1-08dc-256b-6bc5-004976a020fd,59,True,candidate,False
VAL-806,HF_DECOMPENSATION,hypertensive_surge,0606a5e1-08dc-256b-6bc5-004976a020fd,65,True,candidate,False
VAL-807,HF_DECOMPENSATION,no_clear_precipitant,0681a09e-d787-e776-5c30-a0bc513d6e2b,68,True,candidate,False
VAL-807,HF_DECOMPENSATION,ischemia_evaluated_negative,0681a09e-d787-e776-5c30-a0bc513d6e2b,67,True,candidate,False
VAL-807,HF_DECOMPENSATION,nonadherence_cost,0681a09e-d787-e776-5c30-a0bc513d6e2b,57,True,candidate,False
VAL-807,HF_DECOMPENSATION,new_atrial_fibrillation,0681a09e-d787-e776-5c30-a0bc513d6e2b,85,True,candidate,True
VAL-808,HF_DECOMPENSATION,hypertensive_surge,0760c2c8-9075-9bac-a02e-eee42daa05a8,78,True,candidate,True
VAL-808,HF_DECOMPENSATION,pulmonary_infection,0760c2c8-9075-9bac-a02e-eee42daa05a8,47,True,candidate,False
VAL-808,HF_DECOMPENSATION,new_atrial_fibrillation,0760c2c8-9075-9bac-a02e-eee42daa05a8,67,True,candidate,False
VAL-808,HF_DECOMPENSATION,recent_nsaid,0760c2c8-9075-9bac-a02e-eee42daa05a8,47,True,candidate,False
VAL-809,ENDOCARDITIS_OPAT,dental_mitral,0041e9d6-876a-25b9-d55d-96876882622a,60,True,candidate,True
VAL-809,ENDOCARDITIS_OPAT,opat_home_infusion,0041e9d6-876a-25b9-d55d-96876882622a,59,True,candidate,False
VAL-809,ENDOCARDITIS_OPAT,skin_source,0041e9d6-876a-25b9-d55d-96876882622a,59,True,candidate,False
VAL-809,ENDOCARDITIS_OPAT,bicuspid_predisposition,0041e9d6-876a-25b9-d55d-96876882622a,59,True,candidate,False
VAL-810,ENDOCARDITIS_OPAT,no_source_aortic,005ab9f4-f4a9-f427-a0f3-f5361884f027,60,True,candidate,True
VAL-810,ENDOCARDITIS_OPAT,surgery_consult_no_indication,005ab9f4-f4a9-f427-a0f3-f5361884f027,59,True,candidate,False
VAL-810,ENDOCARDITIS_OPAT,dental_mitral,005ab9f4-f4a9-f427-a0f3-f5361884f027,49,True,candidate,False
VAL-810,ENDOCARDITIS_OPAT,skin_source,005ab9f4-f4a9-f427-a0f3-f5361884f027,59,True,candidate,False
VAL-811,ENDOCARDITIS_OPAT,gi_source_evaluated,009da3a5-12f3-c376-bfa7-7a6382d1efe6,56,True,candidate,False
VAL-811,ENDOCARDITIS_OPAT,opat_skilled_nursing,009da3a5-12f3-c376-bfa7-7a6382d1efe6,55,True,candidate,False
VAL-811,ENDOCARDITIS_OPAT,bicuspid_predisposition,009da3a5-12f3-c376-bfa7-7a6382d1efe6,59,True,candidate,True
VAL-811,ENDOCARDITIS_OPAT,no_source_aortic,009da3a5-12f3-c376-bfa7-7a6382d1efe6,49,True,candidate,False
VAL-812,ENDOCARDITIS_OPAT,opat_skilled_nursing,00fe5d74-5117-5068-0098-68e4f375860c,56,True,candidate,False
VAL-812,ENDOCARDITIS_OPAT,surgery_consult_no_indication,00fe5d74-5117-5068-0098-68e4f375860c,59,True,candidate,False
VAL-812,ENDOCARDITIS_OPAT,gi_source_evaluated,00fe5d74-5117-5068-0098-68e4f375860c,55,True,candidate,False
VAL-812,ENDOCARDITIS_OPAT,opat_home_infusion,00fe5d74-5117-5068-0098-68e4f375860c,59,True,candidate,True
VAL-813,TRANSPLANT_CMV,colitis_biopsy,1d9427d1-dd59-3e23-541f-4faebc086080,62,True,rejected,
VAL-813,TRANSPLANT_CMV,cdiff_excluded,1d9427d1-dd59-3e23-541f-4faebc086080,61,True,candidate,True
VAL-813,TRANSPLANT_CMV,volume_loss,1d9427d1-dd59-3e23-541f-4faebc086080,61,True,candidate,False
VAL-813,TRANSPLANT_CMV,transplant_clinic_followup,1d9427d1-dd59-3e23-541f-4faebc086080,61,True,candidate,False
VAL-814,TRANSPLANT_CMV,volume_loss,26cf4094-10af-ceb6-4d99-fd3fc0636dd7,74,True,candidate,True
VAL-814,TRANSPLANT_CMV,cdiff_excluded,26cf4094-10af-ceb6-4d99-fd3fc0636dd7,63,True,candidate,False
VAL-814,TRANSPLANT_CMV,colitis_biopsy,26cf4094-10af-ceb6-4d99-fd3fc0636dd7,73,True,candidate,False
VAL-814,TRANSPLANT_CMV,leukopenia_recovered,26cf4094-10af-ceb6-4d99-fd3fc0636dd7,73,True,candidate,False
VAL-815,TRANSPLANT_CMV,prophylaxis_breakthrough,3f576c7c-8862-f6de-cc8e-b8afd92b57cd,86,True,candidate,True
VAL-815,TRANSPLANT_CMV,leukopenia_recovered,3f576c7c-8862-f6de-cc8e-b8afd92b57cd,85,True,candidate,False
VAL-815,TRANSPLANT_CMV,pcr_syndrome,3f576c7c-8862-f6de-cc8e-b8afd92b57cd,85,True,candidate,False
VAL-815,TRANSPLANT_CMV,id_clinic_followup,3f576c7c-8862-f6de-cc8e-b8afd92b57cd,85,True,candidate,False
VAL-816,TRANSPLANT_CMV,transplant_clinic_followup,5a136bcd-f7ad-0dc4-d333-2491a59983f2,86,True,candidate,True
VAL-816,TRANSPLANT_CMV,pcr_syndrome,5a136bcd-f7ad-0dc4-d333-2491a59983f2,85,True,candidate,False
VAL-816,TRANSPLANT_CMV,id_clinic_followup,5a136bcd-f7ad-0dc4-d333-2491a59983f2,85,True,candidate,False
VAL-816,TRANSPLANT_CMV,colitis_biopsy,5a136bcd-f7ad-0dc4-d333-2491a59983f2,85,True,candidate,False
VAL-817,HIP_FRACTURE_ANTICOAGULATION,snf_after_orif,1566480f-fe02-0763-0594-aa62d1863987,74,True,candidate,True
VAL-817,HIP_FRACTURE_ANTICOAGULATION,inr_delay_home,1566480f-fe02-0763-0594-aa62d1863987,69,True,candidate,False
VAL-817,HIP_FRACTURE_ANTICOAGULATION,af_early_hemostasis,1566480f-fe02-0763-0594-aa62d1863987,69,True,candidate,False
VAL-817,HIP_FRACTURE_ANTICOAGULATION,delayed_mobilization_snf,1566480f-fe02-0763-0594-aa62d1863987,73,True,candidate,False
VAL-818,HIP_FRACTURE_ANTICOAGULATION,inr_delay_home,1bd04148-6f83-32c1-6552-0d3020a582b6,52,True,candidate,False
VAL-818,HIP_FRACTURE_ANTICOAGULATION,af_early_hemostasis,1bd04148-6f83-32c1-6552-0d3020a582b6,51,True,candidate,False
VAL-818,HIP_FRACTURE_ANTICOAGULATION,snf_after_orif,1bd04148-6f83-32c1-6552-0d3020a582b6,45,True,candidate,False
VAL-818,HIP_FRACTURE_ANTICOAGULATION,delayed_mobilization_snf,1bd04148-6f83-32c1-6552-0d3020a582b6,55,True,candidate,True
VAL-819,HIP_FRACTURE_ANTICOAGULATION,af_early_hemostasis,3a42e936-96d8-9e37-21f8-da2288f10166,52,True,candidate,True
VAL-819,HIP_FRACTURE_ANTICOAGULATION,delayed_mobilization_snf,3a42e936-96d8-9e37-21f8-da2288f10166,45,True,candidate,False
VAL-819,HIP_FRACTURE_ANTICOAGULATION,inr_delay_home,3a42e936-96d8-9e37-21f8-da2288f10166,51,True,candidate,False
VAL-819,HIP_FRACTURE_ANTICOAGULATION,snf_after_orif,3a42e936-96d8-9e37-21f8-da2288f10166,45,True,candidate,False
VAL-820,HIP_FRACTURE_ANTICOAGULATION,delayed_mobilization_snf,3d95578d-e9fe-1577-4a97-b6f321cc57b8,64,True,candidate,False
VAL-820,HIP_FRACTURE_ANTICOAGULATION,snf_after_orif,3d95578d-e9fe-1577-4a97-b6f321cc57b8,63,True,candidate,False
VAL-820,HIP_FRACTURE_ANTICOAGULATION,supratherapeutic_inr,3d95578d-e9fe-1577-4a97-b6f321cc57b8,69,True,candidate,False
VAL-820,HIP_FRACTURE_ANTICOAGULATION,inr_delay_home,3d95578d-e9fe-1577-4a97-b6f321cc57b8,69,True,candidate,True
VAL-821,GI_BLEED_ANTICOAGULATION,duodenal_ulcer_restart,08191fcd-7f29-41a2-efee-912506bd1658,60,True,candidate,True
VAL-821,GI_BLEED_ANTICOAGULATION,stable_no_transfusion,08191fcd-7f29-41a2-efee-912506bd1658,59,True,candidate,False
VAL-821,GI_BLEED_ANTICOAGULATION,gastric_ulcer_inr,08191fcd-7f29-41a2-efee-912506bd1658,59,True,candidate,False
VAL-821,GI_BLEED_ANTICOAGULATION,esophagitis,08191fcd-7f29-41a2-efee-912506bd1658,59,True,candidate,False
VAL-822,GI_BLEED_ANTICOAGULATION,esophagitis,24381411-6009-47df-d0e6-68306ff4f627,60,True,candidate,True
VAL-822,GI_BLEED_ANTICOAGULATION,stable_no_transfusion,24381411-6009-47df-d0e6-68306ff4f627,59,True,candidate,False
VAL-822,GI_BLEED_ANTICOAGULATION,duodenal_ulcer_restart,24381411-6009-47df-d0e6-68306ff4f627,49,True,candidate,False
VAL-822,GI_BLEED_ANTICOAGULATION,gastric_ulcer_inr,24381411-6009-47df-d0e6-68306ff4f627,59,True,candidate,False
VAL-823,GI_BLEED_ANTICOAGULATION,diverticular_hold,4d508c0d-ddaa-cb00-4d5c-f3b889b6f712,78,True,candidate,True
VAL-823,GI_BLEED_ANTICOAGULATION,defer_restart,4d508c0d-ddaa-cb00-4d5c-f3b889b6f712,77,True,candidate,False
VAL-823,GI_BLEED_ANTICOAGULATION,duodenal_ulcer_restart,4d508c0d-ddaa-cb00-4d5c-f3b889b6f712,49,True,candidate,False
VAL-823,GI_BLEED_ANTICOAGULATION,nsaid_and_warfarin,4d508c0d-ddaa-cb00-4d5c-f3b889b6f712,47,True,candidate,False
VAL-824,GI_BLEED_ANTICOAGULATION,nsaid_and_warfarin,5898d0d5-39e8-85d2-5228-b8d576aaec8d,48,True,candidate,False
VAL-824,GI_BLEED_ANTICOAGULATION,defer_restart,5898d0d5-39e8-85d2-5228-b8d576aaec8d,77,True,candidate,True
VAL-824,GI_BLEED_ANTICOAGULATION,diverticular_hold,5898d0d5-39e8-85d2-5228-b8d576aaec8d,67,True,candidate,False
VAL-824,GI_BLEED_ANTICOAGULATION,esophagitis,5898d0d5-39e8-85d2-5228-b8d576aaec8d,49,True,candidate,False
