case_id,scenario,baseline_visible,acute_change_clear,precipitant_sufficient,diagnostic_workup_sufficient,hospital_course_sufficient,treatment_visible,response_visible,physiology_coherent,medication_decisions_supported,chronology_valid,discharge_readiness_supported,monitoring_followup_sufficient,overall_pass,notes
G2-001,MED_HISTORY_UNCERTAINTY,True,True,True,True,True,True,True,True,True,True,True,True,True,
G2-002,MED_HISTORY_UNCERTAINTY,True,True,True,True,True,True,True,True,True,True,True,True,True,
G2-003,MED_HISTORY_UNCERTAINTY,True,True,True,True,True,True,True,True,True,True,True,True,True,
G2-004,MED_HISTORY_UNCERTAINTY,True,True,True,True,True,True,True,True,True,True,True,True,True,
G2-005,HF_DECOMPENSATION,True,True,True,True,True,True,True,True,True,True,True,True,True,
G2-006,HF_DECOMPENSATION,True,True,True,True,True,True,True,True,True,True,True,True,True,
G2-007,HF_DECOMPENSATION,True,True,True,True,True,True,True,True,True,True,True,True,True,
G2-008,HF_DECOMPENSATION,True,True,True,True,True,True,True,True,True,True,True,True,True,
G2-009,ENDOCARDITIS_OPAT,True,True,True,True,True,True,True,True,True,True,True,True,True,
G2-010,ENDOCARDITIS_OPAT,True,True,True,True,True,True,True,True,True,True,True,True,True,
G2-011,ENDOCARDITIS_OPAT,True,True,True,True,True,True,True,True,True,True,True,True,True,
G2-012,ENDOCARDITIS_OPAT,True,True,True,True,True,True,True,True,True,True,True,True,True,
G2-013,TRANSPLANT_CMV,True,True,True,True,True,True,True,True,True,True,True,True,True,
G2-014,TRANSPLANT_CMV,True,True,True,True,True,True,True,True,True,True,True,True,True,
G2-015,TRANSPLANT_CMV,True,True,True,True,True,True,True,True,True,True,True,True,True,
G2-016,TRANSPLANT_CMV,True,True,True,True,True,True,True,True,True,True,True,True,True,
G2-017,HIP_FRACTURE_ANTICOAGULATION,True,True,True,True,True,True,True,True,True,True,True,True,True,
G2-018,HIP_FRACTURE_ANTICOAGULATION,True,True,True,True,True,True,True,True,True,True,True,True,True,
G2-019,HIP_FRACTURE_ANTICOAGULATION,True,True,True,True,True,True,True,True,True,True,True,True,True,
G2-020,HIP_FRACTURE_ANTICOAGULATION,True,True,True,True,True,True,True,True,True,True,True,True,True,
G2-021,GI_BLEED_ANTICOAGULATION,True,True,True,True,True,True,True,True,True,True,True,True,True,
G2-022,GI_BLEED_ANTICOAGULATION,True,True,True,True,True,True,True,True,True,True,True,True,True,
G2-023,GI_BLEED_ANTICOAGULATION,True,True,True,True,True,True,True,True,True,True,True,True,True,
G2-024,GI_BLEED_ANTICOAGULATION,True,True,True,True,True,True,True,True,True,True,True,True,True,
