Case,Clean resident chart?,No discharge answer?,No planted-error artifact?,Reference hidden?,Sufficient evidence?,Answer leakage?,Multiple reasonable answers?,Katie-design status
VAL-801,YES,NO,YES,YES,PARTIAL,YES,YES,NEEDS_REVISION
VAL-802,YES,YES,YES,YES,PARTIAL,NO,YES,PASS_WITH_MINOR_CONCERN
VAL-803,YES,NO,YES,YES,NO,YES,YES,FAILS_KATIE_DESIGN
VAL-804,YES,NO,YES,YES,NO,YES,YES,NEEDS_REVISION
VAL-805,YES,PARTIAL,YES,YES,NO,PARTIAL,YES,NEEDS_REVISION
VAL-806,YES,YES,YES,YES,PARTIAL,NO,YES,PASS_WITH_MINOR_CONCERN
VAL-807,YES,YES,YES,YES,PARTIAL,NO,YES,PASS_WITH_MINOR_CONCERN
VAL-808,YES,PARTIAL,YES,YES,PARTIAL,YES,YES,NEEDS_REVISION
VAL-809,YES,NO,YES,YES,PARTIAL,YES,YES,NEEDS_REVISION
VAL-810,YES,NO,NO,YES,PARTIAL,YES,NO,FAILS_KATIE_DESIGN
VAL-811,YES,NO,NO,YES,PARTIAL,YES,NO,FAILS_KATIE_DESIGN
VAL-812,YES,PARTIAL,YES,YES,PARTIAL,YES,YES,NEEDS_REVISION
VAL-813,YES,YES,YES,YES,PARTIAL,PARTIAL,YES,PASS_WITH_MINOR_CONCERN
VAL-814,YES,YES,YES,YES,YES,NO,YES,PASS
VAL-815,YES,YES,YES,YES,YES,PARTIAL,NO,PASS_WITH_MINOR_CONCERN
VAL-816,YES,NO,YES,YES,YES,YES,YES,NEEDS_REVISION
VAL-817,YES,YES,YES,YES,YES,PARTIAL,NO,PASS_WITH_MINOR_CONCERN
VAL-818,YES,NO,NO,YES,PARTIAL,YES,YES,FAILS_KATIE_DESIGN
VAL-819,YES,NO,YES,YES,PARTIAL,YES,YES,NEEDS_REVISION
VAL-820,YES,YES,YES,YES,YES,NO,YES,NEEDS_REVISION
VAL-821,YES,YES,YES,YES,YES,NO,YES,PASS
VAL-822,YES,PARTIAL,YES,YES,NO,YES,YES,NEEDS_REVISION
VAL-823,YES,NO,YES,YES,PARTIAL,YES,YES,NEEDS_REVISION
VAL-824,YES,NO,NO,YES,PARTIAL,YES,YES,FAILS_KATIE_DESIGN
