section,item,value
identification,database_total,0
identification,citation_chasing,0
identification,other,0
identification,total_records,0
duplicates,candidate_pairs,0
duplicates,confirmed_same_record_pairs,0
duplicates,records_removed,0
duplicates,note,A record is removed only when a human has marked SAME_RECORD and named retained_record_id. Unconfirmed candidates stay in the set.
title_abstract,screened,0
title_abstract,include,0
title_abstract,maybe,0
title_abstract,exclude,0
title_abstract,source,data/screening/title_abstract_screening.csv
title_abstract,note,Calibration files are not included in these counts.
full_text,sought,0
full_text,unavailable,0
full_text,assessed,0
full_text,unclear,0
full_text,pending,0
full_text,include,0
full_text,maybe,0
full_text,exclude,0
full_text,with_decision,0
full_text,without_decision,0
included,full_text_include_records,0
included,publications,0
included,studies,0
included,deployments,0
included,scenarios,0
included,note,"Publication, study, deployment, and scenario counts are different units. They are not interchangeable."
deduplicated,records_after_confirmed_duplicate_removal,0
