validation_case_id,reviewer_id,clinical_realism_rating,medication_reconciliation_correctness_rating,case_clarity_rating,identified_error_type,identified_affected_medication,confidence_rating,free_text_comments,overall_acceptability,revision_recommendation
VAL-901,,,,,,,,,,
VAL-902,,,,,,,,,,
VAL-903,,,,,,,,,,
VAL-904,,,,,,,,,,
VAL-905,,,,,,,,,,
VAL-906,,,,,,,,,,
VAL-907,,,,,,,,,,
VAL-908,,,,,,,,,,
VAL-909,,,,,,,,,,
VAL-910,,,,,,,,,,
VAL-911,,,,,,,,,,
VAL-912,,,,,,,,,,
VAL-913,,,,,,,,,,
VAL-914,,,,,,,,,,
VAL-915,,,,,,,,,,
VAL-916,,,,,,,,,,
VAL-917,,,,,,,,,,
VAL-918,,,,,,,,,,
VAL-919,,,,,,,,,,
VAL-920,,,,,,,,,,
VAL-921,,,,,,,,,,
VAL-922,,,,,,,,,,
VAL-923,,,,,,,,,,
VAL-924,,,,,,,,,,
